01_zxxx_CL175mm_x=-8_98_y=-7_75,Delta(PuZr)
01_zxxx_CL175mm_x=-23_44_y=-5_11,Delta(PuZr)
01_zxxx_CL175mm_x=-23_44_y=7_26,Delta(PuZr)
01_zxxx_CL175mm_x=-24_y=8_36,Delta(PuZr)
01_zxxx_CL175mm_x=1_62_y=16_66,Delta(PuZr)
01_zxxx_CL175mm_x=27_66_y=12_98,Delta(PuZr)
02_zxxx_CL175mm_x=-28_28_y=7_42,Delta(PuZr)
03_zxxx_CL175mm_x=-30_02_y=7_42,Delta(PuZr)
04_zxxx_CL175mm_x=-1_85_y=-5_61,Delta(PuZr)
04_zxxx_CL175mm_x=-29_19_y=7_42,Delta(PuZr)
04_zxxx_CL175mm_x=26_65_y=-16_17,Delta(PuZr)
06_zxxx_CL175mm_x=-17_48_y=7_59,Alpha(Zr)
06_zxxx_CL175mm_x=7_74_y=12_54,Alpha(Zr)
06_zxxx_CL175mm_x=25_y=12_76,Alpha(Zr)
07_zxxx_CL175mm_x=8_95_y=9_73,Alpha(Zr)
08_zxxx_CL175mm_x=1_21_y=4,Delta(PuZr)
09_zxxx_CL175mm_x=0_33_y=2_58,Delta(PuZr)
10_zxxx_CL175mm_x=0_02_y=9_85,Kappa(PuZr2)
10_zxxx_CL175mm_x=0_33_y=9_46,Kappa(PuZr2)
10_zxxx_CL175mm_x=10_513_y=10_28,Kappa(PuZr2)
10_zxxx_CL175mm_x=29_55_y=12_59,Kappa(PuZr2)
11_zxxx_CL175mm_x=2_63_y=8_74,Delta(PuZr)
12_zxxx_CL175mm_x=2_63_y=8_08,PuO
13_zxxx_CL175mm_x=-6_73_y=27_39,PuO
13_zxxx_CL175mm_x=-31_86_y=10_56,PuO
13_zxxx_CL175mm_x=7_42_y=21_89,PuO
13_zxxx_CL175mm_x=14_98_y=-8_25,PuO
13_zxxx_CL175mm_x=18_2_y=5_61,PuO
16_zxxx_CL175mm_x=-4_85_y=-7_64,Delta(PuZr)
16_zxxx_CL175mm_x=21_68_y=-21_17,Delta(PuZr)
17_zxxx_CL175mm_x=-14_05_y=-17_27,Alpha(Zr)
17_zxxx_CL175mm_x=1_09_y=-1_37,Alpha(Zr)
18_zxxx_CL175mm_x=19_45_y=-1_37,Delta(PuZr)
19_zxxx_CL175mm_x=19_45_y=-1_37,Delta(PuZr)
20_zxxx_CL175mm_x=-29_45_y=13_09,Delta(PuZr)
20_zxxx_CL175mm_x=0_25_y=6_1,Delta(PuZr)
20_zxxx_CL175mm_x=29_45_y=-1_59,Delta(PuZr)
21_zxxx_CL175mm_x=-0_65_y=1_76,Delta(PuZr)
22_zxxx_CL175mm_x=-0_65_y=1_76,Delta(PuZr)
23_zxxx_CL175mm_x=-29_95_y=10_01,Delta(PuZr)
24_zxxx_CL175mm_x=-28_07_y=6_32,Delta(PuZr)
25_zxxx_CL175mm_x=-18_07_y=6_92,Zr3O_R3C
25_zxxx_CL175mm_x=23_67_y=13_86,Zr3O_R3C
26_zxxx_CL175mm_x=8_94_y=14_57,Kappa(PuZr2)
26_zxxx_CL175mm_x=8_949_y=-5_06,Kappa(PuZr2)
26_zxxx_CL175mm_x=27_29_y=16_17,Kappa(PuZr2)
27_zxxx_CL175mm_x=19_y=-6_93,ZrO2
28_zxxx_CL175mm_x=-3_26_y=1_79,Alpha(Zr)
28_zxxx_CL175mm_x=-18_526_y=5_83,Alpha(Zr)
28_zxxx_CL175mm_x=-32_55_y=9_29,Alpha(Zr)
28_zxxx_CL175mm_x=21_23_y=-3_79,Alpha(Zr)
29_zxxx_CL175mm_x=-1_12_y=12_92,Delta(PuZr)
29_zxxx_CL175mm_x=10_49_y=-8_63,Delta(PuZr)
30_zxxx_CL175mm_x=-31_y=1_59,Kappa(PuZr2)
30_zxxx_CL175mm_x=20_1_y=-7_86,Kappa(PuZr2)
32_zxxx_CL175mm_x=-6_8_y=1_15,Delta(PuZr)
32_zxxx_CL175mm_x=15_29_y=-9_07,Delta(PuZr)
32_zxxx_CL175mm_x=20_84_y=3_79,Delta(PuZr)
33_zxxx_CL175mm_x=-32_15_y=10_15,Alpha(Zr)
35_zxxx_CL175mm_x=-24_96_y=11_05,Alpha(Zr)
01_zxxx_CL175mm_x=-0_19_y=6_16,PuO
01_zxxx_CL175mm_x=-11_26_y=6_16,PuO
01_zxxx_CL175mm_x=-24_32_y=-14_13,PuO
01_zxxx_CL175mm_x=2_5_y=-14_13,PuO
01_zxxx_CL175mm_x=20_1_y=6_16,PuO
02_zxxx_CL175mm_x=-4_3_y=-4_73,Alpha(Zr)
02_zxxx_CL175mm_x=-12_94_y=-19_13,Alpha(Zr)
02_zxxx_CL175mm_x=-17_66_y=-14_13,Alpha(Zr)
04_zxxx_CL175mm_x=0_43_y=-7_37,Zr3O_R32h
04_zxxx_CL175mm_x=16_35_y=18_42,Zr3O_R32h
04_zxxx_CL175mm_x=18_43_y=-17_87,Zr3O_R32h
05_zxxx_CL175mm_x=-7_13_y=-9_51,Kappa(PuZr2)
05_zxxx_CL175mm_x=-23_97_y=18_97,Kappa(PuZr2)
05_zxxx_CL175mm_x=12_27_y=12_26,Kappa(PuZr2)
06_zxxx_CL175mm_x=-12_9_y=-0_82,Delta(PuZr)
06_zxxx_CL175mm_x=19_37_y=-0_71,Delta(PuZr)
07_zxxx_CL175mm_x=19_37_y=4_04,Delta(PuZr)
08_zxxx_CL175mm_x=-3_2_y=-7_42,Kappa(PuZr2)
08_zxxx_CL175mm_x=-3_2_y=11_27,Kappa(PuZr2)
08_zxxx_CL175mm_x=22_31_y=-7_42,Kappa(PuZr2)
09_zxxx_CL175mm_x=-13_02_y=7_81,Kappa(PuZr2)
09_zxxx_CL175mm_x=-15_88_y=-2_09,Kappa(PuZr2)
09_zxxx_CL175mm_x=0_73_y=-4_62,Kappa(PuZr2)
10_zxxx_CL175mm_x=-13_02_y=1_21,Delta(PuZr)
12_zxxx_CL175mm_x=-13_62_y=23_26,Alpha(Zr)
12_zxxx_CL175mm_x=-19_3_y=24_2,Alpha(Zr)
12_zxxx_CL175mm_x=15_84_y=15_67,Alpha(Zr)
13_zxxx_CL175mm_x=-21_52_y=24_2,Delta(PuZr)
13_zxxx_CL175mm_x=20_68_y=6_82,Delta(PuZr)
14_zxxx_CL175mm_x=20_68_y=6_82,PuO
15_zxxx_CL175mm_x=-1_63_y=-5_17,Kappa(PuZr2)
15_zxxx_CL175mm_x=-9_67_y=7_82,Kappa(PuZr2)
15_zxxx_CL175mm_x=17_87_y=15_56,Kappa(PuZr2)
15_zxxx_CL175mm_x=20_68_y=6_82,Kappa(PuZr2)
16_zxxx_CL175mm_x=-3_39_y=-8_58,PuO
16_zxxx_CL175mm_x=-4_75_y=15_78,PuO
16_zxxx_CL175mm_x=22_54_y=7_54,PuO
17_zxxx_CL175mm_x=-1_38_y=13_36,Zr3O_R3C
17_zxxx_CL175mm_x=-11_43_y=-17_65,Zr3O_R3C
17_zxxx_CL175mm_x=16_08_y=-10_56,Zr3O_R3C
18_zxxx_CL175mm_x=-1_94_y=-19_91,Zr3O_R3C
18_zxxx_CL175mm_x=0_8_y=-5_88,Zr3O_R3C
18_zxxx_CL175mm_x=4_66_y=12_1,Zr3O_R3C
19_zxxx_CL175mm_x=-2_18_y=13_75,Delta(PuZr)
20_zxxx_CL175mm_x=-16_64_y=17_27,Delta(PuZr)
21_zxxx_CL175mm_x=-11_18_y=4_45,Zr3O_R3C
21_zxxx_CL175mm_x=-16_64_y=20_02,Zr3O_R3C
21_zxxx_CL175mm_x=17_02_y=9_07,Zr3O_R3C
22_zxxx_CL175mm_x=14_y=18_04,Kappa(PuZr2)
23_zxxx_CL175mm_x=-16_774_y=19_03,Kappa(PuZr2)
23_zxxx_CL175mm_x=14_y=18_04,Kappa(PuZr2)
24_zxxx_CL175mm_x=-15_84_y=19_03,Kappa(PuZr2)
24_zxxx_CL175mm_x=17_76_y=7_37,Kappa(PuZr2)
25_zxxx_CL175mm_x=-4_67_y=2_42,Delta(PuZr)
25_zxxx_CL175mm_x=-30_08_y=-0_66,Delta(PuZr)
26_zxxx_CL175mm_x=-6_59_y=-10_89,PuO
26_zxxx_CL175mm_x=-6_59_y=13_42,PuO
26_zxxx_CL175mm_x=-24_81_y=20_46,PuO
26_zxxx_CL175mm_x=18_67_y=5_72,PuO
27_zxxx_CL175mm_x=-19_34_y=-3_52,Zr3O_R3C
27_zxxx_CL175mm_x=-30_72_y=18_09,Zr3O_R3C
27_zxxx_CL175mm_x=18_67_y=5_72,Zr3O_R3C
28_zxxx_CL175mm_x=-17_88_y=-4_62,Zr3O_R3C
28_zxxx_CL175mm_x=-30_72_y=16,Zr3O_R3C
28_zxxx_CL175mm_x=19_97_y=5_17,Zr3O_R3C
29_zxxx_CL175mm_x=-17_88_y=-3_52,Zr3O_R3C
29_zxxx_CL175mm_x=-28_73_y=17_27,Zr3O_R3C
29_zxxx_CL175mm_x=19_97_y=5_17,Zr3O_R3C
31_zxxx_CL175mm_x=-8_11_y=-13_2,Delta(PuZr)
32_zxxx_CL175mm_x=-8_11_y=1_59,Zr3O_R3C
33_zxxx_CL175mm_x=-30_3_y=-0_88,Delta(PuZr)
33_zxxx_CL175mm_x=17_04_y=4_4,Delta(PuZr)
34_zxxx_CL175mm_x=21_24_y=6_38,Delta(PuZr)
35_zxxx_CL175mm_x=-21_24_y=15_12,Zr3O_R3C
35_zxxx_CL175mm_x=8_61_y=26_23,Zr3O_R3C
36_zxxx_CL175mm_x=-0_4_y=25_12,Zr3O_R3C
36_zxxx_CL175mm_x=-16_78_y=20_07,Zr3O_R3C
37_zxxx_CL175mm_x=-13_56_y=15_23,Zr3O_R3C
38_zxxx_CL175mm_x=-13_39_y=1_43,PuO2
39_zxxx_CL175mm_x=-11_77_y=9_9,PuO
40_zxxx_CL175mm_x=-6_53_y=17_87,Delta(PuZr)
41_zxxx_CL175mm_x=21_09_y=1_21,Delta(PuZr)
44_zxxx_CL175mm_x=2_59_y=-6_49,Zr3O_R3C
44_zxxx_CL175mm_x=5_31_y=13_03,Zr3O_R3C
44_zxxx_CL175mm_x=36_06_y=9_29,Zr3O_R3C
45_zxxx_CL175mm_x=-11_59_y=-2_42,ZrO2
45_zxxx_CL175mm_x=-16_54_y=-15_67,ZrO2
45_zxxx_CL175mm_x=11_59_y=-2_42,ZrO2
01_zxxx_CL175mm_x=12_27_y=-5_11,Delta(PuZr)
02_zxxx_CL175mm_x=14_27_y=-5_11,ZrO2
03_zxxx_CL175mm_x=15_27_y=-3_35,ZrO2
04_zxxx_CL175mm_x=15_27_y=-4_35,ZrO2
05_zxxx_CL175mm_x=11_55_y=-6_35,ZrO2
06_zxxx_CL175mm_x=6_11_y=-6_35,ZrO2
07_zxxx_CL175mm_x=9_97_y=-4_895,ZrO2
09_zxxx_CL175mm_x=5_34_y=-1_76,Delta(PuZr)
10_zxxx_CL175mm_x=3_64_y=0_76,ZrO2
11_zxxx_CL175mm_x=8_35_y=-0_76,ZrO2
12_zxxx_CL175mm_x=8_35_y=-0_76,Kappa(PuZr2)
13_zxxx_CL175mm_x=-6_12_y=3_68,Kappa(PuZr2)
14_zxxx_CL175mm_x=-4_96_y=15_4,ZrO2
15_zxxx_CL175mm_x=3_01_y=8_08,Kappa(PuZr2)
16_zxxx_CL175mm_x=20_61_y=18_08,Delta(PuZr)
17_zxxx_CL175mm_x=16_4_y=25_68,Delta(PuZr)
18_zxxx_CL175mm_x=16_4_y=25_18,Kappa(PuZr2)
19_zxxx_CL175mm_x=31_94_y=8_8,Alpha(Zr)
20_zxxx_CL175mm_x=30_94_y=8_8,Alpha(Zr)
21_zxxx_CL175mm_x=19_31_y=5_66,Alpha(Zr)
22_zxxx_CL175mm_x=19_31_y=5_66,Alpha(Zr)
23_zxxx_CL175mm_x=16_16_y=0_66,Delta(PuZr)
24_zxxx_CL175mm_x=-5_82_y=0_66,PuO2
25_zxxx_CL175mm_x=-12_53_y=8_91,PuO2
26_zxxx_CL175mm_x=-17_8_y=17_6,PuO2
27_zxxx_CL175mm_x=-7_6_y=4_13,PuO2
28_zxxx_CL175mm_x=-1_19_y=-0_13,Delta(PuZr)
29_zxxx_CL175mm_x=-1_19_y=7_42,Delta(PuZr)
30_zxxx_CL175mm_x=4_97_y=7_42,Kappa(PuZr2)
31_zxxx_CL175mm_x=1_97_y=7_42,Kappa(PuZr2)
32_zxxx_CL175mm_x=3_5_y=7_42,Kappa(PuZr2)
33_zxxx_CL175mm_x=3_5_y=4_42,Zr3O_R3C
34_zxxx_CL175mm_x=3_5_y=5_94,Zr3O_R3C
35_zxxx_CL175mm_x=4_15_y=5_94,Delta(PuZr)
36_zxxx_CL175mm_x=4_15_y=-3_19,Zr3O_R3C
36_zxxx_CL175mm_x=4_15_y=5_94,Zr3O_R3C
37_zxxx_CL175mm_x=4_15_y=-6_19,Delta(PuZr)
38_zxxx_CL175mm_x=9_5_y=-3_68,Zr3O_R3C
01_zxxx_CL175mm_x=-7_y=-12_15,Kappa(PuZr2)
02_zxxx_CL175mm_x=-4_19_y=-15,Delta(PuZr)
03_zxxx_CL175mm_x=-8_7_y=-11_93,Zr3O_R3C
04_zxxx_CL175mm_x=-25_37_y=-17_1,Delta(PuZr)
05_zxxx_CL175mm_x=-23_47_y=-19_1,Kappa(PuZr2)
06_zxxx_CL175mm_x=-25_79_y=-20_95,Kappa(PuZr2)
07_zxxx_CL175mm_x=-23_43_y=-20_24,Kappa(PuZr2)
08_zxxx_CL175mm_x=-22_75_y=-19_41,Kappa(PuZr2)
09_zxxx_CL175mm_x=6_94_y=-1_21,Delta(PuZr)
10_zxxx_CL175mm_x=6_94_y=-1_21,Delta(PuZr)
11_zxxx_CL175mm_x=5_94_y=-1_21,PuO
12_zxxx_CL175mm_x=5_94_y=-1_21,PuO
13_zxxx_CL175mm_x=5_94_y=-1_21,Delta(PuZr)
14_zxxx_CL175mm_x=5_94_y=-1_21,Delta(PuZr)
15_zxxx_CL175mm_x=-10_33_y=9_73,Kappa(PuZr2)
15_zxxx_CL175mm_x=17_33_y=16_11,Kappa(PuZr2)
16_zxxx_CL175mm_x=17_33_y=17_11,Kappa(PuZr2)
17_zxxx_CL175mm_x=8_09_y=11_99,Delta(PuZr)
18_zxxx_CL175mm_x=-2_51_y=15_67,Alpha(Zr)
19_zxxx_CL175mm_x=-7_1_y=-7_09,Alpha(Zr)
20_zxxx_CL175mm_x=-11_43_y=-11_11,ZrO2
21_zxxx_CL175mm_x=-13_83_y=-18_53,ZrO2
22_zxxx_CL175mm_x=-5_83_y=7_42,PuO
22_zxxx_CL175mm_x=23_5_y=-0_88,PuO
23_zxxx_CL175mm_x=-13_83_y=-19_74,ZrO2
23_zxxx_CL175mm_x=14_83_y=-9_42,ZrO2
26_zxxx_CL175mm_x=0_89_y=13_91,Delta(PuZr)
27_zxxx_CL175mm_x=3_62_y=21_61,Delta(PuZr)
28_zxxx_CL175mm_x=6_62_y=10,PuO2
29_zxxx_CL175mm_x=-14_y=17_16,PuO2
29_zxxx_CL175mm_x=16_24_y=9_46,PuO2
30_zxxx_CL175mm_x=-5_y=19_8,PuO2
01_zxxx_CL175mm_x=6_05_y=-4_45,Delta(PuZr)
01_zxxx_CL175mm_x=16_9_y=-16_06,Delta(PuZr)
01_zxxx_CL175mm_x=19_62_y=-3_74,Delta(PuZr)
02_zxxx_CL175mm_x=-16_43_y=8_3,PuO2
02_zxxx_CL175mm_x=-19_8_y=-0_27,PuO2
02_zxxx_CL175mm_x=2_05_y=-6_93,PuO2
02_zxxx_CL175mm_x=7_22_y=17_05,PuO2
03_zxxx_CL175mm_x=-3_09_y=-8_36,Delta(PuZr)
03_zxxx_CL175mm_x=-12_9_y=8_3,Delta(PuZr)
03_zxxx_CL175mm_x=-23_69_y=-9_79,Delta(PuZr)
03_zxxx_CL175mm_x=-24_52_y=8_3,Delta(PuZr)
03_zxxx_CL175mm_x=2_13_y=11_22,Delta(PuZr)
04_zxxx_CL175mm_x=-14_62_y=23_98,Delta(PuZr)
04_zxxx_CL175mm_x=3_6_y=18_53,Delta(PuZr)
04_zxxx_CL175mm_x=28_22_y=8_63,Delta(PuZr)
05_zxxx_CL175mm_x=28_22_y=8_63,Delta(PuZr)
06_zxxx_CL175mm_x=3_13_y=3_13,Delta(PuZr)
06_zxxx_CL175mm_x=4_57_y=12_92,Delta(PuZr)
06_zxxx_CL175mm_x=5_57_y=13_42,Delta(PuZr)
07_zxxx_CL175mm_x=-10_12_y=3_13,Beta(Pu)
07_zxxx_CL175mm_x=0_14_y=12_9,Beta(Pu)
07_zxxx_CL175mm_x=5_57_y=20_79,Beta(Pu)
08_zxxx_CL175mm_x=-19_6_y=4_34,Alpha(Zr)
08_zxxx_CL175mm_x=0_02_y=4_34,Alpha(Zr)
09_zxxx_CL175mm_x=-15_22_y=5,Delta(PuZr)
09_zxxx_CL175mm_x=2_97_y=4_34,Delta(PuZr)
10_zxxx_CL175mm_x=-5_12_y=-4_4,Beta(Pu)
10_zxxx_CL175mm_x=7_99_y=-3_79,Beta(Pu)
10_zxxx_CL175mm_x=8_1_y=-19_03,Beta(Pu)
10_zxxx_CL175mm_x=17_35_y=-14_3,Beta(Pu)
10_zxxx_CL175mm_x=24_12_y=-3_79,Beta(Pu)
11_zxxx_CL175mm_x=-7_84_y=-9_24,Delta(PuZr)
11_zxxx_CL175mm_x=-25_77_y=-9_24,Delta(PuZr)
11_zxxx_CL175mm_x=14_33_y=-9_24,Delta(PuZr)
12_zxxx_CL175mm_x=-9_24_y=-3_35,Delta(PuZr)
12_zxxx_CL175mm_x=20_73_y=2_75,Delta(PuZr)
13_zxxx_CL175mm_x=-4_15_y=-3_79,Beta(Pu)
13_zxxx_CL175mm_x=-15_38_y=2_31,Beta(Pu)
13_zxxx_CL175mm_x=13_03_y=5_75,Beta(Pu)
14_zxxx_CL175mm_x=-12_71_y=-3_52,Delta(PuZr)
15_zxxx_CL175mm_x=-3_67_y=24_2,Alpha(Zr)
15_zxxx_CL175mm_x=-8_23_y=-5_06,Alpha(Zr)
15_zxxx_CL175mm_x=12_67_y=21_89,Alpha(Zr)
15_zxxx_CL175mm_x=17_27_y=4_89,Alpha(Zr)
16_zxxx_CL175mm_x=-5_67_y=24_2,Alpha(Zr)
16_zxxx_CL175mm_x=-8_23_y=-5_06,Alpha(Zr)
16_zxxx_CL175mm_x=17_27_y=4_89,Alpha(Zr)
17_zxxx_CL175mm_x=-4_08_y=24_86,Alpha(Zr)
17_zxxx_CL175mm_x=-8_23_y=-5_06,Alpha(Zr)
17_zxxx_CL175mm_x=21_92_y=2_36,Alpha(Zr)
18_zxxx_CL175mm_x=-6_72_y=28_36,Alpha(Zr)
18_zxxx_CL175mm_x=-13_64_y=-1_15,Alpha(Zr)
18_zxxx_CL175mm_x=15_88_y=2_36,Alpha(Zr)
19_zxxx_CL175mm_x=-6_72_y=28_36,Alpha(Zr)
19_zxxx_CL175mm_x=-13_64_y=-1_15,Alpha(Zr)
19_zxxx_CL175mm_x=15_88_y=2_36,Alpha(Zr)
20_zxxx_CL175mm_x=-13_64_y=-1_15,Alpha(Zr)
20_zxxx_CL175mm_x=-19_31_y=25_46,Alpha(Zr)
20_zxxx_CL175mm_x=17_96_y=5_33,Alpha(Zr)
21_zxxx_CL175mm_x=-1_41_y=4_89,Alpha(Zr)
21_zxxx_CL175mm_x=-8_69_y=-2_58,Alpha(Zr)
21_zxxx_CL175mm_x=-13_85_y=-7_58,Alpha(Zr)
21_zxxx_CL175mm_x=15_05_y=23_818,Alpha(Zr)
22_zxxx_CL175mm_x=-19_31_y=23_81,Alpha(Zr)
22_zxxx_CL175mm_x=7_31_y=23_81,Alpha(Zr)
22_zxxx_CL175mm_x=15_05_y=20_62,Alpha(Zr)
23_zxxx_CL175mm_x=-2_99_y=22_22,Alpha(Zr)
23_zxxx_CL175mm_x=9_32_y=11_22,Alpha(Zr)
23_zxxx_CL175mm_x=15_05_y=20_62,Alpha(Zr)
24_zxxx_CL175mm_x=-1_36_y=19_63,Alpha(Zr)
24_zxxx_CL175mm_x=-6_56_y=8_3,Alpha(Zr)
24_zxxx_CL175mm_x=14_86_y=17_38,Alpha(Zr)
25_zxxx_CL175mm_x=-1_36_y=19_63,Alpha(Zr)
25_zxxx_CL175mm_x=-4_74_y=-6_76,Alpha(Zr)
25_zxxx_CL175mm_x=14_86_y=21_39,Alpha(Zr)
26_zxxx_CL175mm_x=-14_74_y=-6_76,Alpha(Zr)
27_zxxx_CL175mm_x=-8_68_y=4_56,Delta(PuZr)
27_zxxx_CL175mm_x=20_14_y=4_56,Delta(PuZr)
28_zxxx_CL175mm_x=-7_18_y=13_53,PuO2
28_zxxx_CL175mm_x=-12_07_y=-3_63,PuO2
28_zxxx_CL175mm_x=17_68_y=13_56,PuO2
29_zxxx_CL175mm_x=-15_4_y=-15_63,Alpha(Zr)
29_zxxx_CL175mm_x=14_64_y=-10_89,Alpha(Zr)
29_zxxx_CL175mm_x=28_09_y=7_63,Alpha(Zr)
30_zxxx_CL175mm_x=-16_83_y=-11_99,Alpha(Zr)
30_zxxx_CL175mm_x=14_13_y=-13_75,Alpha(Zr)
30_zxxx_CL175mm_x=23_26_y=-3_41,Alpha(Zr)
31_zxxx_CL175mm_x=-6_66_y=2_75,Alpha(Zr)
31_zxxx_CL175mm_x=8_89_y=8_08,Alpha(Zr)
32_zxxx_CL175mm_x=-8_3_y=10_28,Alpha(Zr)
33_zxxx_CL175mm_x=-18_3_y=12_76,Alpha(Zr)
33_zxxx_CL175mm_x=19_92_y=6_76,Alpha(Zr)
34_zxxx_CL175mm_x=-22_32_y=3_356,Alpha(Zr)
34_zxxx_CL175mm_x=5_32_y=11_77,Alpha(Zr)
35_zxxx_CL175mm_x=-19_36_y=12_7,Alpha(Zr)
35_zxxx_CL175mm_x=10_89_y=13_91,Alpha(Zr)
36_zxxx_CL175mm_x=-2_79_y=16_66,ZrO2
36_zxxx_CL175mm_x=27_86_y=15_23,ZrO2
37_zxxx_CL175mm_x=-10_51_y=10_6,Delta(PuZr)
37_zxxx_CL175mm_x=14_69_y=14_96,Delta(PuZr)
38_zxxx_CL175mm_x=-6_74_y=13_47,ZrO2
38_zxxx_CL175mm_x=18_12_y=16_72,ZrO2
39_zxxx_CL175mm_x=-1_41_y=-18_09,Delta(PuZr)
40_zxxx_CL175mm_x=-8_35_y=-11_77,Delta(PuZr)
01_zxxx_CL175mm_x=-1_08_y=-11_16,Alpha(Zr)
01_zxxx_CL175mm_x=-2_7_y=-0_82,Alpha(Zr)
02_zxxx_CL175mm_x=-2_7_y=-0_82,Alpha(Zr)
02_zxxx_CL175mm_x=-4_56_y=-11_16,Alpha(Zr)
03_zxxx_CL175mm_x=-4_56_y=-13_42,Alpha(Zr)
03_zxxx_CL175mm_x=3_7_y=-0_82,Alpha(Zr)
04_zxxx_CL175mm_x=-2_83_y=-12_43,Delta(PuZr)
04_zxxx_CL175mm_x=2_01_y=-13_43,Delta(PuZr)
05_zxxx_CL175mm_x=-7_62_y=-12_03,PuO2
05_zxxx_CL175mm_x=-17_89_y=-2_93,PuO2
05_zxxx_CL175mm_x=4_62_y=-4_45,ZrO2
06_zxxx_CL175mm_x=-1_94_y=11_37,Delta(Pu)
06_zxxx_CL175mm_x=19_19_y=-1_37,Delta(Pu)
07_zxxx_CL175mm_x=-10_94_y=7_7,PuO2
07_zxxx_CL175mm_x=15_94_y=5_77,PuO2
08_zxxx_CL175mm_x=-12_21_y=3_07,PuO2
08_zxxx_CL175mm_x=2_26_y=5_77,PuO2
09_zxxx_CL175mm_x=-12_21_y=4_34,Delta(PuZr)
09_zxxx_CL175mm_x=5_321_y=5_77,Delta(PuZr)
10_zxxx_CL175mm_x=0_83_y=5_77,Alpha(Zr)
10_zxxx_CL175mm_x=28_83_y=4_07,Alpha(Zr)
11_zxxx_CL175mm_x=16_43_y=2_31,PuO2
11_zxxx_CL175mm_x=28_83_y=2_31,PuO2
12_zxxx_CL175mm_x=0_3_y=-12_92,Beta(Pu)
12_zxxx_CL175mm_x=3_3_y=1_43,Beta(Pu)
13_zxxx_CL175mm_x=1_23_y=-7_93,Alpha(Zr)
13_zxxx_CL175mm_x=28_67_y=2_31,Alpha(Zr)
14_zxxx_CL175mm_x=1_23_y=-7_93,Alpha(Zr)
14_zxxx_CL175mm_x=28_67_y=2_31,Alpha(Zr)
15_zxxx_CL175mm_x=6_67_y=6_71,Alpha(Zr)
16_zxxx_CL175mm_x=10_49_y=9_24,ZrO2
17_zxxx_CL175mm_x=8_85_y=10_24,ZrO2
18_zxxx_CL175mm_x=1_62_y=11_93,ZrO2
19_zxxx_CL175mm_x=0_2_y=4_29,Delta(PuZr)
20_zxxx_CL175mm_x=4_63_y=4_29,PuO2
21_zxxx_CL175mm_x=1_77_y=3_13,Alpha(Zr)
22_zxxx_CL175mm_x=1_77_y=3_13,Alpha(Zr)
23_zxxx_CL175mm_x=14_24_y=3_13,Delta(PuZr)
24_zxxx_CL175mm_x=14_24_y=0_88,Delta(PuZr)
01_zxxx_CL175mm_x=-7_55_y=4_89,PuO2
01_zxxx_CL175mm_x=-15_55_y=-0_77,PuO2
01_zxxx_CL175mm_x=7_55_y=-4_89,PuO2
02_zxxx_CL175mm_x=-3_72_y=-10_17,Beta(Pu)
02_zxxx_CL175mm_x=-11_69_y=-2_8,Beta(Pu)
02_zxxx_CL175mm_x=4_29_y=-10_89,Beta(Pu)
03_zxxx_CL175mm_x=-11_69_y=-0_33,Delta(PuZr)
03_zxxx_CL175mm_x=17_69_y=-5_44,Delta(PuZr)
04_zxxx_CL175mm_x=-8_84_y=-0_77,Alpha(Zr)
04_zxxx_CL175mm_x=17_69_y=-3_9,Alpha(Zr)
05_zxxx_CL175mm_x=-8_84_y=-0_77,Alpha(Zr)
05_zxxx_CL175mm_x=17_69_y=-3_9,Alpha(Zr)
06_zxxx_CL175mm_x=-13_13_y=1_8,Alpha(Zr)
06_zxxx_CL175mm_x=13_13_y=0_77,Alpha(Zr)
07_zxxx_CL175mm_x=-13_13_y=5_39,Alpha(Zr)
07_zxxx_CL175mm_x=10_08_y=7_39,Alpha(Zr)
08_zxxx_CL175mm_x=-15_57_y=-2_25,Alpha(Zr)
08_zxxx_CL175mm_x=0_91_y=16_61,Alpha(Zr)
09_zxxx_CL175mm_x=-13_137_y=-3_13,Alpha(Zr)
09_zxxx_CL175mm_x=0_91_y=16_61,Alpha(Zr)
10_zxxx_CL175mm_x=-13_13_y=0_77,Alpha(Zr)
10_zxxx_CL175mm_x=16_41_y=16_61,Alpha(Zr)
11_zxxx_CL175mm_x=4_41_y=24_8,ZrO2
11_zxxx_CL175mm_x=14_57_y=-1_87,ZrO2
12_zxxx_CL175mm_x=4_41_y=24_8,Delta(PuZr)
12_zxxx_CL175mm_x=11_96_y=0_16,Delta(PuZr)
12_zxxx_CL175mm_x=14_57_y=0_6,Delta(PuZr)
13_zxxx_CL175mm_x=-6_5_y=1_43,Alpha(Zr)
13_zxxx_CL175mm_x=14_57_y=3_6,Alpha(Zr)
14_zxxx_CL175mm_x=-5_26_y=-0_93,Alpha(Zr)
14_zxxx_CL175mm_x=17_56_y=2_09,Alpha(Zr)
15_zxxx_CL175mm_x=-5_26_y=6_1,Alpha(Zr)
15_zxxx_CL175mm_x=13_22_y=8_96,Alpha(Zr)
15_zxxx_CL175mm_x=29_67_y=10_96,Alpha(Zr)
16_zxxx_CL175mm_x=-5_26_y=6_1,Delta(PuZr)
16_zxxx_CL175mm_x=29_67_y=10_96,Delta(PuZr)
17_zxxx_CL175mm_x=7_01_y=13_69,Alpha(Zr)
17_zxxx_CL175mm_x=8_79_y=-0_33,Alpha(Zr)
18_zxxx_CL175mm_x=-8_1_y=-4_5,Beta(Pu)
18_zxxx_CL175mm_x=3_1_y=5_5,Beta(Pu)
18_zxxx_CL175mm_x=13_5_y=-9_35,Beta(Pu)
18_zxxx_CL175mm_x=26_1_y=5_5,Beta(Pu)
19_zxxx_CL175mm_x=-1_18_y=-4_62,Beta(Pu)
19_zxxx_CL175mm_x=19_02_y=-9_35,Beta(Pu)
20_zxxx_CL175mm_x=15_7_y=-8_08,Beta(Pu)
21_zxxx_CL175mm_x=20_y=5_6,PuO2
22_zxxx_CL175mm_x=15_23_y=-3_19,PuO2
23_zxxx_CL175mm_x=16_85_y=0_55,Beta(Pu)
24_zxxx_CL175mm_x=2_5_y=0_55,Beta(Pu)
25_zxxx_CL175mm_x=5_y=0_55,Beta(Pu)
26_zxxx_CL175mm_x=17_3_y=0_55,Delta(PuZr)
27_zxxx_CL175mm_x=7_3_y=-2_35,PuO2
28_zxxx_CL175mm_x=2_3_y=-7_5,PuO2
29_zxxx_CL175mm_x=5_9_y=-8_74,Beta(Pu)
30_zxxx_CL175mm_x=16_44_y=6_74,Alpha(Zr)
31_zxxx_CL175mm_x=14_y=2_4,ZrO2
32_zxxx_CL175mm_x=14_y=2_4,ZrO2
33_zxxx_CL175mm_x=19_5_y=2_4,Alpha(Zr)
34_zxxx_CL175mm_x=19_5_y=2_4,Alpha(Zr)
35_zxxx_CL175mm_x=19_5_y=2_4,Alpha(Zr)
36_zxxx_CL175mm_x=19_5_y=2_4,ZrO2
37_zxxx_CL175mm_x=19_5_y=2_4,Delta(PuZr)
01_zxxx_CL175mm_x=2_37_y=1_37,Beta(Pu)
02_zxxx_CL175mm_x=-13_15_y=1_37,Alpha(Zr)
03_zxxx_CL175mm_x=-9_1_y=1_9,ZrO2
04_zxxx_CL175mm_x=-2_59_y=-3_4,Delta(PuZr)
05_zxxx_CL175mm_x=-5_2_y=-5_39,ZrO2
06_zxxx_CL175mm_x=-5_2_y=-5_39,Alpha(Zr)
07_zxxx_CL175mm_x=-7_75_y=-0_66,Alpha(Zr)
08_zxxx_CL175mm_x=-7_75_y=-0_66,Alpha(Zr)
09_zxxx_CL175mm_x=-7_75_y=-3_6,Alpha(Zr)
10_zxxx_CL175mm_x=-10_08_y=-1_37,Alpha(Zr)
11_zxxx_CL175mm_x=-8_y=-2,Alpha(Zr)
12_zxxx_CL175mm_x=-9_54_y=-2,Alpha(Zr)
13_zxxx_CL175mm_x=-4_y=-5_2,Delta(PuZr)
14_zxxx_CL175mm_x=-4_y=-5_2,ZrO2
15_zxxx_CL175mm_x=-1_81_y=-8_30,PuO2
16_zxxx_CL175mm_x=-1_81_y=-19_5,Delta(PuZr)
17_zxxx_CL175mm_x=10_y=-10_2,ZrO2
18_zxxx_CL175mm_x=-9_45_y=-1_87,Alpha(Zr)
19_zxxx_CL175mm_x=-9_45_y=-1_87,Delta(PuZr)
20_zxxx_CL175mm_x=-4_16_y=1_87,ZrO2
21_zxxx_CL175mm_x=12_4_y=6_37,ZrO2
22_zxxx_CL175mm_x=7_32_y=4_37,Delta(PuZr)
23_zxxx_CL175mm_x=27_11_y=4_37,Delta(PuZr)
24_zxxx_CL175mm_x=29_78_y=-0_11,Delta(PuZr)
25_zxxx_CL175mm_x=10_33_y=2_64,Delta(PuZr)
26_zxxx_CL175mm_x=16_23_y=2_64,Alpha(Zr)
27_zxxx_CL175mm_x=16_23_y=-8_3,Alpha(Zr)
28_zxxx_CL175mm_x=27_77_y=-8_3,Alpha(Zr)
29_zxxx_CL175mm_x=27_77_y=-8_3,PuO
30_zxxx_CL175mm_x=24_y=-7_56,Alpha(Zr)
31_zxxx_CL175mm_x=12_19_y=-7_56,ZrO2
32_zxxx_CL175mm_x=7_149_y=-5_17,Beta(Pu)
33_zxxx_CL175mm_x=7_149_y=-13_14,ZrO2
34_zxxx_CL175mm_x=7_149_y=-13_14,ZrO2
35_zxxx_CL175mm_x=7_149_y=-13_14,ZrO2
36_zxxx_CL175mm_x=-8_y=-13_14,ZrO2
37_zxxx_CL175mm_x=-21_45_y=-18_42,Alpha(Zr)
38_zxxx_CL175mm_x=2_87_y=-7_2,Alpha(Zr)
39_zxxx_CL175mm_x=2_87_y=-11_44,Delta(PuZr)
40_zxxx_CL175mm_x=2_13_y=-1_32,Alpha(Zr)
01_zxxx_CL175mm_x=-7_46_y=10_72,Alpha(Zr)
01_zxxx_CL175mm_x=-25_08_y=1_92,Alpha(Zr)
01_zxxx_CL175mm_x=8_38_y=0,Alpha(Zr)
02_zxxx_CL175mm_x=-10_54_y=-7_26,Alpha(Zr)
02_zxxx_CL175mm_x=-33_43_y=0,Alpha(Zr)
02_zxxx_CL175mm_x=19_22_y=-15_84,Alpha(Zr)
03_zxxx_CL175mm_x=-10_54_y=-6_38,Alpha(Zr)
03_zxxx_CL175mm_x=-33_43_y=1_65,Alpha(Zr)
03_zxxx_CL175mm_x=19_22_y=-14_74,Alpha(Zr)
04_zxxx_CL175mm_x=-12_58_y=-3_9,Alpha(Zr)
04_zxxx_CL175mm_x=3_88_y=-12_04,Alpha(Zr)
04_zxxx_CL175mm_x=7_45_y=9_62,Alpha(Zr)
05_zxxx_CL175mm_x=-12_66_y=17_62,Alpha(Zr)
05_zxxx_CL175mm_x=1_84_y=-2_42,Alpha(Zr)
05_zxxx_CL175mm_x=18_38_y=17_62,Alpha(Zr)
06_zxxx_CL175mm_x=-0_1_y=3_46,Zr3O_R3C
06_zxxx_CL175mm_x=-24_67_y=-14_85,Zr3O_R3C
06_zxxx_CL175mm_x=31_29_y=-14_85,Zr3O_R3C
07_zxxx_CL175mm_x=-19_43_y=-13_64_2,Alpha(Zr)
07_zxxx_CL175mm_x=-19_43_y=-13_64,Alpha(Zr)
07_zxxx_CL175mm_x=8_85_y=7_31,Alpha(Zr)
07_zxxx_CL175mm_x=19_94_y=-13_64,Alpha(Zr)
07_zxxx_CL175mm_x=31_56_y=1_65,Alpha(Zr)
08_zxxx_CL175mm_x=-8_05_y=0_27,Delta(PuZr)
08_zxxx_CL175mm_x=-14_y=-17_65,Delta(PuZr)
08_zxxx_CL175mm_x=10_91_y=0_27,Delta(PuZr)
08_zxxx_CL175mm_x=29_58_y=22_05,Delta(PuZr)
08_zxxx_CL175mm_x=33_73_y=-8_65,Delta(PuZr)
09_zxxx_CL175mm_x=-21_1_y=11_66,Alpha(Zr)
09_zxxx_CL175mm_x=1_85_y=6_05,Alpha(Zr)
09_zxxx_CL175mm_x=23_56_y=0_05,Alpha(Zr)
10_zxxx_CL175mm_x=-0_24_y=-11_16,Delta(PuZr)
10_zxxx_CL175mm_x=-19_y=-7_81,Delta(PuZr)
10_zxxx_CL175mm_x=-21_64_y=15_66,Delta(PuZr)
10_zxxx_CL175mm_x=-26_41_y=11_49,Delta(PuZr)
10_zxxx_CL175mm_x=18_8_y=-13_58,Delta(PuZr)
11_zxxx_CL175mm_x=-7_31_y=16_72,Alpha(Zr)
11_zxxx_CL175mm_x=0_02_y=-15,Alpha(Zr)
11_zxxx_CL175mm_x=2_2_y=5_33,Alpha(Zr)
12_zxxx_CL175mm_x=0_93_y=-15_73,Alpha(Zr)
13_zxxx_CL175mm_x=-11_57_y=5_59,Delta(PuZr)
13_zxxx_CL175mm_x=-18_76_y=-14_57,Delta(PuZr)
13_zxxx_CL175mm_x=-19_74_y=-10_17,Delta(PuZr)
13_zxxx_CL175mm_x=6_61_y=7_59,Delta(PuZr)
13_zxxx_CL175mm_x=8_12_y=-22_26,Delta(PuZr)
14_zxxx_CL175mm_x=-6_85_y=-10_34,Alpha(Zr)
14_zxxx_CL175mm_x=-25_85_y=-10_34,Alpha(Zr)
14_zxxx_CL175mm_x=5_85_y=-14_3,Alpha(Zr)
15_zxxx_CL175mm_x=-11_25_y=5_8,Alpha(Zr)
15_zxxx_CL175mm_x=-19_74_y=-1_8,Alpha(Zr)
15_zxxx_CL175mm_x=1_42_y=-13_58,Alpha(Zr)
16_zxxx_CL175mm_x=-11_15_y=23_65,Alpha(Zr)
16_zxxx_CL175mm_x=-14_46_y=7_26,Alpha(Zr)
16_zxxx_CL175mm_x=-18_94_y=-7_64,Alpha(Zr)
18_zxxx_CL175mm_x=-5_25_y=24_03,Alpha(Zr)
18_zxxx_CL175mm_x=26_43_y=20_68,Alpha(Zr)
18_zxxx_CL175mm_x=30_73_y=-0_77,Alpha(Zr)
19_zxxx_CL175mm_x=-13_87_y=-6_05,Zr3O_R3C
19_zxxx_CL175mm_x=-23_65_y=8_5,Zr3O_R3C
19_zxxx_CL175mm_x=10_25_y=9_95,Zr3O_R3C
20_zxxx_CL175mm_x=-15_43_y=-6_05,Alpha(Zr)
20_zxxx_CL175mm_x=14_81_y=-9_4,Alpha(Zr)
20_zxxx_CL175mm_x=24_81_y=7_37,Alpha(Zr)
21_zxxx_CL175mm_x=-10_1_y=-0_33,Delta(PuZr)
21_zxxx_CL175mm_x=-16_5_y=-18_26,Delta(PuZr)
21_zxxx_CL175mm_x=7_83_y=1_15,Delta(PuZr)
21_zxxx_CL175mm_x=7_83_y=13_69,Delta(PuZr)
21_zxxx_CL175mm_x=27_59_y=18_26,Delta(PuZr)
24_zxxx_CL175mm_x=-1_45_y=6_71,Alpha(Zr)
24_zxxx_CL175mm_x=-19_07_y=-9_51,Alpha(Zr)
24_zxxx_CL175mm_x=12_01_y=-12_1,Alpha(Zr)
25_zxxx_CL175mm_x=-1_59_y=26_89,Delta(PuZr)
25_zxxx_CL175mm_x=2_9_y=-4_34,Delta(PuZr)
25_zxxx_CL175mm_x=20_55_y=-1_43,Delta(PuZr)
27_zxxx_CL175mm_x=-10_95_y=-8_36,Alpha(Zr)
29_zxxx_CL175mm_x=15_38_y=-8_36,Alpha(Zr)
30_zxxx_CL175mm_x=12_94_y=-15_23,Delta(PuZr)
31_zxxx_CL175mm_x=0_47_y=0_05,Alpha(Zr)
36_zxxx_CL175mm_x=-0_59_y=-2_2,Alpha(Zr)
38_zxxx_CL175mm_x=-8_03_y=2_36,Delta(PuZr)
38_zxxx_CL175mm_x=-9_87_y=-15_07,Delta(PuZr)
38_zxxx_CL175mm_x=-30_91_y=13_03,Delta(PuZr)
38_zxxx_CL175mm_x=8_72_y=-16_99,Delta(PuZr)
38_zxxx_CL175mm_x=16_93_y=6_82,Delta(PuZr)
39_zxxx_CL175mm_x=-29_08_y=15_67,Delta(PuZr)
39_zxxx_CL175mm_x=18_99_y=3_13,Delta(PuZr)
39_zxxx_CL175mm_x=19_79_y=-14_63,Delta(PuZr)
40_zxxx_CL175mm_x=13_25_y=-15_45,Alpha(Zr)
41_zxxx_CL175mm_x=11_32_y=-16_33,Alpha(Zr)
42_zxxx_CL175mm_x=-9_97_y=-16_33,Delta(PuZr)
42_zxxx_CL175mm_x=-17_05_y=-5_94,Delta(PuZr)
42_zxxx_CL175mm_x=-23_36_y=13_36,Delta(PuZr)
42_zxxx_CL175mm_x=8_12_y=-16_33,Delta(PuZr)
42_zxxx_CL175mm_x=9_64_y=5_61,Delta(PuZr)
43_zxxx_CL175mm_x=-13_36_y=15_73,Delta(PuZr)
43_zxxx_CL175mm_x=5_13_y=-2_69,Delta(PuZr)
44_zxxx_CL175mm_x=15_13_y=-4_23,Alpha(Zr)
45_zxxx_CL175mm_x=15_83_y=-2_8,Delta(PuZr)
46_zxxx_CL175mm_x=-14_55_y=1_15,Delta(PuZr)
46_zxxx_CL175mm_x=-34_31_y=-16_17,Delta(PuZr)
46_zxxx_CL175mm_x=13_09_y=-5_17,Delta(PuZr)
47_zxxx_CL175mm_x=-4_33_y=12_32,Delta(PuZr)
48_zxxx_CL175mm_x=-9_33_y=17_71,Alpha(Zr)
49_zxxx_CL175mm_x=-2_07_y=7_41,Delta(PuZr)
50_zxxx_CL175mm_x=1_84_y=7_41,Delta(PuZr)
51_zxxx_CL175mm_x=2_18_y=6_21,Delta(PuZr)
51_zxxx_CL175mm_x=34_2_y=0_16,Delta(PuZr)
52_zxxx_CL175mm_x=-0_94_y=5_11,Delta(PuZr)
52_zxxx_CL175mm_x=-2_06_y=6_21,Delta(PuZr)
52_zxxx_CL175mm_x=34_2_y=0_16,Delta(PuZr)
53_zxxx_CL175mm_x=0_29_y=5_11,Delta(PuZr)
54_zxxx_CL175mm_x=-21_25_y=-1_32,Alpha(Zr)
55_zxxx_CL175mm_x=7_38_y=-10_72,Delta(PuZr)
02_zxxx_CL175mm_x=-12_05_y=-1_26,Zr3O_R3C
02_zxxx_CL175mm_x=25_61_y=-9_35,Zr3O_R3C
03_zxxx_CL175mm_x=-7_17_y=17_87,Alpha(Zr)
03_zxxx_CL175mm_x=-16_56_y=-3_57,Alpha(Zr)
03_zxxx_CL175mm_x=6_51_y=-9_73,Alpha(Zr)
03_zxxx_CL175mm_x=15_31_y=2_14,Alpha(Zr)
03_zxxx_CL175mm_x=25_13_y=17_87,Alpha(Zr)
04_zxxx_CL175mm_x=-1_1_y=15_73,Alpha(Zr)
04_zxxx_CL175mm_x=-16_92_y=-7_42,Alpha(Zr)
04_zxxx_CL175mm_x=0_54_y=4_51,Alpha(Zr)
04_zxxx_CL175mm_x=7_2_y=-11_72,Alpha(Zr)
04_zxxx_CL175mm_x=16_31_y=15_73,Alpha(Zr)
05_zxxx_CL175mm_x=-8_86_y=-10,Alpha(Zr)
05_zxxx_CL175mm_x=-29_63_y=-0_66,Alpha(Zr)
05_zxxx_CL175mm_x=11_98_y=-0_66,Alpha(Zr)
05_zxxx_CL175mm_x=34_1_y=-5_72,Alpha(Zr)
07_zxxx_CL175mm_x=-2_99_y=5_39,Alpha(Zr)
07_zxxx_CL175mm_x=-22_13_y=2_25,Alpha(Zr)
07_zxxx_CL175mm_x=22_57_y=-4_67,Alpha(Zr)
07_zxxx_CL175mm_x=28_93_y=11_66,Alpha(Zr)
08_zxxx_CL175mm_x=-6_33_y=13_86,Delta(PuZr)
08_zxxx_CL175mm_x=-12_44_y=-2_978,Delta(PuZr)
08_zxxx_CL175mm_x=-17_33_y=-20_18,Delta(PuZr)
08_zxxx_CL175mm_x=5_71_y=--6_93,Delta(PuZr)
08_zxxx_CL175mm_x=19_01_y=12_32,Delta(PuZr)
08_zxxx_CL175mm_x=30_44_y=-15_62,Delta(PuZr)
09_zxxx_CL175mm_x=-6_34_y=20_13,Delta(PuZr)
09_zxxx_CL175mm_x=-8_68_y=9_73,Delta(PuZr)
09_zxxx_CL175mm_x=-12_23_y=-8_69,Delta(PuZr)
09_zxxx_CL175mm_x=11_77_y=1_98,Delta(PuZr)
09_zxxx_CL175mm_x=20_42_y=-7_15,Delta(PuZr)
09_zxxx_CL175mm_x=35_42_y=-7_86,Delta(PuZr)
10_zxxx_CL175mm_x=-5_19_y=14_68,Alpha(Zr)
10_zxxx_CL175mm_x=10_88_y=4_4,Alpha(Zr)
10_zxxx_CL175mm_x=23_79_y=16_33,Alpha(Zr)
12_zxxx_CL175mm_x=-8_32_y=-6_38,Alpha(Zr)
12_zxxx_CL175mm_x=7_07_y=-9_35,Alpha(Zr)
12_zxxx_CL175mm_x=15_43_y=-11_72,Alpha(Zr)
13_zxxx_CL175mm_x=-8_32_y=-6_38,Alpha(Zr)
13_zxxx_CL175mm_x=-30_87_y=-0_44,Alpha(Zr)
13_zxxx_CL175mm_x=7_06_y=-8_47,Alpha(Zr)
14_zxxx_CL175mm_x=1_7_y=3_85,Alpha(Zr)
14_zxxx_CL175mm_x=4_97_y=14_02,Alpha(Zr)
14_zxxx_CL175mm_x=23_33_y=14_02,Alpha(Zr)
15_zxxx_CL175mm_x=1_082_y=7_37,Alpha(Zr)
15_zxxx_CL175mm_x=10_42_y=12_26,Alpha(Zr)
15_zxxx_CL175mm_x=23_2_y=18_48,Alpha(Zr)
16_zxxx_CL175mm_x=-10_7_y=-1_48,Delta(PuZr)
16_zxxx_CL175mm_x=-25_41_y=11_38,Delta(PuZr)
16_zxxx_CL175mm_x=9_361_y=-17_65,Delta(PuZr)
16_zxxx_CL175mm_x=10_48_y=10_06,Delta(PuZr)
17_zxxx_CL175mm_x=-4_97_y=-2_63,Delta(PuZr)
17_zxxx_CL175mm_x=-22_37_y=16_28,Delta(PuZr)
17_zxxx_CL175mm_x=-29_22_y=-14_63,Delta(PuZr)
17_zxxx_CL175mm_x=11_64_y=4_89,Delta(PuZr)
17_zxxx_CL175mm_x=19_y=-10_39,Delta(PuZr)
18_zxxx_CL175mm_x=-20_747_y=15_84,Alpha(Zr)
18_zxxx_CL175mm_x=0_97_y=6_54,Alpha(Zr)
18_zxxx_CL175mm_x=21_63_y=17_98,Alpha(Zr)
19_zxxx_CL175mm_x=-4_06_y=-15_78,Alpha(Zr)
19_zxxx_CL175mm_x=0_97_y=4_84,Alpha(Zr)
19_zxxx_CL175mm_x=22_79_y=16_33,Alpha(Zr)
20_zxxx_CL175mm_x=-4_2_y=-14_193,Alpha(Zr)
20_zxxx_CL175mm_x=21_91_y=17_33,Alpha(Zr)
21_zxxx_CL175mm_x=-2_65_y=-18_7,Alpha(Zr)
21_zxxx_CL175mm_x=3_81_y=1_87,Alpha(Zr)
21_zxxx_CL175mm_x=24_72_y=12_32,Alpha(Zr)
22_zxxx_CL175mm_x=-2_65_y=-18_7,Alpha(Zr)
22_zxxx_CL175mm_x=3_81_y=1_87,Alpha(Zr)
22_zxxx_CL175mm_x=24_72_y=12_32,Alpha(Zr)
23_zxxx_CL175mm_x=-2_65_y=-18_7,Alpha(Zr)
23_zxxx_CL175mm_x=3_81_y=1_87,Alpha(Zr)
23_zxxx_CL175mm_x=24_72_y=12_32,Alpha(Zr)
24_zxxx_CL175mm_x=-2_65_y=-18_7,Alpha(Zr)
24_zxxx_CL175mm_x=3_81_y=1_87,Alpha(Zr)
24_zxxx_CL175mm_x=24_72_y=12_32,Alpha(Zr)
25_zxxx_CL175mm_x=-3_88_y=18_15,Delta(PuZr)
25_zxxx_CL175mm_x=-5_88_y=-11_49,Delta(PuZr)
25_zxxx_CL175mm_x=-32_64_y=2_2,Delta(PuZr)
25_zxxx_CL175mm_x=17_44_y=2_2,Delta(PuZr)
25_zxxx_CL175mm_x=32_64_y=12_32,Delta(PuZr)
01_zxxx_CL175mm_x=-2_11_y=1_37,Alpha(Zr)
01_zxxx_CL175mm_x=-18_41_y=10_05,Alpha(Zr)
01_zxxx_CL175mm_x=11_19_y=-6_05,Alpha(Zr)
02_zxxx_CL175mm_x=-21_26_y=17_32,Delta(PuZr)
02_zxxx_CL175mm_x=-22_6_y=-0_332,Delta(PuZr)
03_zxxx_CL175mm_x=-19_21_y=-2_91,Delta(PuZr)
03_zxxx_CL175mm_x=9_91_y=4_45,Delta(PuZr)
03_zxxx_CL175mm_x=23_09_y=-2_91,Delta(PuZr)
04_zxxx_CL175mm_x=8_85_y=-18_53,Alpha(Zr)
04_zxxx_CL175mm_x=12_85_y=-3_68,Alpha(Zr)
04_zxxx_CL175mm_x=16_23_y=11_22,Alpha(Zr)
05_zxxx_CL175mm_x=-16_99_y=9_24,Alpha(Zr)
05_zxxx_CL175mm_x=5_96_y=-19_36,Alpha(Zr)
05_zxxx_CL175mm_x=13_23_y=10_12,Alpha(Zr)
06_zxxx_CL175mm_x=-8_85_y=4_45,Alpha(Zr)
06_zxxx_CL175mm_x=-17_5_y=16_99,Alpha(Zr)
06_zxxx_CL175mm_x=11_76_y=12_98,Alpha(Zr)
07_zxxx_CL175mm_x=-2_32_y=14_13,Delta(PuZr)
07_zxxx_CL175mm_x=-8_96_y=-9_02,Delta(PuZr)
07_zxxx_CL175mm_x=-17_5_y=6_82,Delta(PuZr)
07_zxxx_CL175mm_x=15_69_y=-3_19,Delta(PuZr)
07_zxxx_CL175mm_x=34_66_y=-9_02,Delta(PuZr)
08_zxxx_CL175mm_x=-0_79_y=13_03,Delta(PuZr)
08_zxxx_CL175mm_x=-6_81_y=-12_76,Delta(PuZr)
08_zxxx_CL175mm_x=-16_39_y=4_01,Delta(PuZr)
14_zxxx_CL175mm_x=0_17_y=-12_65,Delta(PuZr)
14_zxxx_CL175mm_x=14_19_y=11_11,Delta(PuZr)
14_zxxx_CL175mm_x=28_75_y=-17_82,Delta(PuZr)
17_zxxx_CL175mm_x=-6_83_y=6_54,Delta(PuZr)
17_zxxx_CL175mm_x=-18_62_y=22_27,Delta(PuZr)
17_zxxx_CL175mm_x=-20_62_y=-14_63,Delta(PuZr)
17_zxxx_CL175mm_x=9_56_y=-11_93,Delta(PuZr)
18_zxxx_CL175mm_x=-10_23_y=2_75,Alpha(Zr)
19_zxxx_CL175mm_x=-10_23_y=2_75,Alpha(Zr)
20_zxxx_CL175mm_x=-10_23_y=2_75,Alpha(Zr)
21_zxxx_CL175mm_x=9_17_y=-3_3,Delta(PuZr)
21_zxxx_CL175mm_x=39_69_y=-3_3,Delta(PuZr)
22_zxxx_CL175mm_x=-12_31_y=2_91,Alpha(Zr)
22_zxxx_CL175mm_x=-33_8_y=9_071,Alpha(Zr)
22_zxxx_CL175mm_x=11_91_y=-2_47,Alpha(Zr)
23_zxxx_CL175mm_x=-22_4_y=-1_1,Delta(PuZr)
23_zxxx_CL175mm_x=6_53_y=-6_7,Delta(PuZr)
23_zxxx_CL175mm_x=36_1_y=-13_58,Delta(PuZr)
24_zxxx_CL175mm_x=-18_22_y=3_46,Alpha(Zr)
25_zxxx_CL175mm_x=-19_22_y=2_9,Alpha(Zr)
26_zxxx_CL175mm_x=-4_1_y=-6,Delta(PuZr)
27_zxxx_CL175mm_x=-9_62_y=21_12,Alpha(Zr)
27_zxxx_CL175mm_x=-20_49_y=3_9,Alpha(Zr)
27_zxxx_CL175mm_x=4_39_y=1_7,Alpha(Zr)
30_zxxx_CL175mm_x=-5_9_y=10_83,Delta(PuZr)
31_zxxx_CL175mm_x=15_09_y=9_4,Delta(PuZr)
32_zxxx_CL175mm_x=-10_53_y=13_25,Delta(PuZr)
32_zxxx_CL175mm_x=6_43_y=-4_62,Delta(PuZr)
32_zxxx_CL175mm_x=18_71_y=18_31,Delta(PuZr)
33_zxxx_CL175mm_x=13_5_y=5_11,Delta(PuZr)
34_zxxx_CL175mm_x=13_5_y=5_11,Delta(PuZr)
35_zxxx_CL175mm_x=-6_45_y=8_63,Alpha(Zr)
36_zxxx_CL175mm_x=-6_45_y=10_23,Alpha(Zr)
39_zxxx_CL175mm_x=20_74_y=15_43,ZrO2
40_zxxx_CL175mm_x=25_06_y=20_79,Delta(PuZr)
45_zxxx_CL175mm_x=2_47_y=14_19,Alpha(Zr)
46_zxxx_CL175mm_x=2_47_y=14_19,Alpha(Zr)
47_zxxx_CL175mm_x=2_47_y=14_19,Alpha(Zr)
48_zxxx_CL175mm_x=2_47_y=14_19,Alpha(Zr)
49_zxxx_CL175mm_x=-1_47_y=6_87,Delta(PuZr)
50_zxxx_CL175mm_x=-13_57_y=3_35,Delta(PuZr)
51_zxxx_CL175mm_x=-13_57_y=3_35,Delta(PuZr)
52_zxxx_CL175mm_x=-14_57_y=2_35,Delta(PuZr)
53_zxxx_CL175mm_x=-4_916_y=-20_18,Delta(PuZr)
53_zxxx_CL175mm_x=-11_26_y=12_75,Delta(PuZr)
53_zxxx_CL175mm_x=-33_83_y=-7_97,Delta(PuZr)
53_zxxx_CL175mm_x=10_19_y=-7_97,Delta(PuZr)
53_zxxx_CL175mm_x=21_74_y=2_14,Delta(PuZr)
54_zxxx_CL175mm_x=11_66_y=-6_32,Alpha(Zr)
55_zxxx_CL175mm_x=11_66_y=-6_32,Alpha(Zr)
56_zxxx_CL175mm_x=0_5_y=-14_13,Delta(PuZr)
57_zxxx_CL175mm_x=-26_115_y=-6_653,Alpha(Zr)
58_zxxx_CL175mm_x=-26_115_y=-7_42,Alpha(Zr)
59_zxxx_CL175mm_x=-19_y=-3_96,Delta(PuZr)
01_zxxx_CL175mm_x=-1_74_y=10_72,Alpha(Zr)
02_zxxx_CL175mm_x=-13_39_y=18_31,Alpha(Zr)
03_zxxx_CL175mm_x=-19_83_y=23_31,Alpha(Zr)
04_zxxx_CL175mm_x=-4_83_y=23_31,Delta(PuZr)
05_zxxx_CL175mm_x=-2_46_y=10_31,Delta(PuZr)
06_zxxx_CL175mm_x=-6_52_y=5_31,Alpha(Zr)
08_zxxx_CL175mm_x=-11_87_y=5_31,Alpha(Zr)
09_zxxx_CL175mm_x=-2_36_y=12_31,Alpha(Zr)
10_zxxx_CL175mm_x=-2_36_y=12_31,Alpha(Zr)
11_zxxx_CL175mm_x=-20_16_y=19_8,Alpha(Zr)
12_zxxx_CL175mm_x=-20_16_y=19_8,Alpha(Zr)
13_zxxx_CL175mm_x=-20_16_y=19_8,Alpha(Zr)
14_zxxx_CL175mm_x=-20_16_y=19_8,Alpha(Zr)
15_zxxx_CL175mm_x=-20_16_y=19_8,Alpha(Zr)
16_zxxx_CL175mm_x=-20_16_y=19_8,Alpha(Zr)
16_zxxx_CL175mm_x=18_85_y=-23_54,Alpha(Zr)
17_zxxx_CL175mm_x=-1_16_y=5_88,Delta(PuZr)
17_zxxx_CL175mm_x=-4_76_y=-11_55,Delta(PuZr)
17_zxxx_CL175mm_x=-20_16_y=19_8,Delta(PuZr)
17_zxxx_CL175mm_x=-30_16_y=-14_24,Delta(PuZr)
18_zxxx_CL175mm_x=-8_33_y=-26_73,Delta(PuZr)
18_zxxx_CL175mm_x=15_03_y=-10_89,Delta(PuZr)
19_zxxx_CL175mm_x=16_59_y=-8_47,Alpha(Zr)
20_zxxx_CL175mm_x=16_59_y=-8_47,Alpha(Zr)
21_zxxx_CL175mm_x=-9_31_y=-9_68,Alpha(Zr)
22_zxxx_CL175mm_x=-9_31_y=4_73,Delta(PuZr)
23_zxxx_CL175mm_x=-3_28_y=4_73,Delta(PuZr)
23_zxxx_CL175mm_x=-10_55_y=-11_55,Delta(PuZr)
23_zxxx_CL175mm_x=-25_08_y=10_45,Delta(PuZr)
23_zxxx_CL175mm_x=24_82_y=28_21,Delta(PuZr)
24_zxxx_CL175mm_x=-19_17_y=-15_78,Alpha(Zr)
25_zxxx_CL175mm_x=-19_17_y=-15_78,Alpha(Zr)
26_zxxx_CL175mm_x=-19_17_y=-15_78,Alpha(Zr)
27_zxxx_CL175mm_x=-19_17_y=-15_78,Alpha(Zr)
28_zxxx_CL175mm_x=-6_89_y=-10_67,Delta(PuZr)
29_zxxx_CL175mm_x=-11_89_y=10_23,Alpha(Zr)
30_zxxx_CL175mm_x=-11_89_y=10_23,Alpha(Zr)
31_zxxx_CL175mm_x=-11_89_y=10_23,Alpha(Zr)
32_zxxx_CL175mm_x=-14_55_y=7_23,Alpha(Zr)
33_zxxx_CL175mm_x=6_03_y=21_01,Alpha(Zr)
34_zxxx_CL175mm_x=6_03_y=21_01,Alpha(Zr)
35_zxxx_CL175mm_x=6_03_y=21_01,Alpha(Zr)
36_zxxx_CL175mm_x=-6_03_y=16_94,Delta(PuZr)
37_zxxx_CL175mm_x=-11_89_y=14_3,Alpha(Zr)
37_zxxx_CL175mm_x=4_89_y=6,Alpha(Zr)
38_zxxx_CL175mm_x=-3_01_y=6_71,Alpha(Zr)
39_zxxx_CL175mm_x=-3_01_y=9_68,Alpha(Zr)
40_zxxx_CL175mm_x=-3_01_y=8_19,Alpha(Zr)
41_zxxx_CL175mm_x=-3_01_y=8_19,Alpha(Zr)
42_zxxx_CL175mm_x=-6_48_y=25_85,Alpha(Zr)
43_zxxx_CL175mm_x=-6_48_y=25_85,Alpha(Zr)
44_zxxx_CL175mm_x=-6_48_y=25_85,Alpha(Zr)
45_zxxx_CL175mm_x=-10_1_y=28_43,Delta(PuZr)
46_zxxx_CL175mm_x=-10_1_y=19_8,Alpha(Zr)
47_zxxx_CL175mm_x=-13_42_y=19_8,Alpha(Zr)
48_zxxx_CL175mm_x=-11_44_y=14_41,Delta(PuZr)
01_zxx_CL175mm_x=-0_79_b=-23_65,Alpha(Zr)
01_zxx_CL175mm_x=13_26_b=0,Alpha(Zr)
01_zxx_CL175mm_x=29_56_b=-15_23,Alpha(Zr)
02_zxx_CL175mm_x=-3_34_b=-1_26,Alpha(Zr)
02_zxx_CL175mm_x=12_08_b=-1_26,Alpha(Zr)
02_zxx_CL175mm_x=25_12_b=-8_08,Alpha(Zr)
02_zxx_CL175mm_x=29_41_b=-2_65,Alpha(Zr)
03_zxx_CL175mm_x=-6_91_b=-6_49,Alpha(Zr)
03_zxx_CL175mm_x=-21_95_b=-8_14,Alpha(Zr)
03_zxx_CL175mm_x=12_19_b=1_32,Alpha(Zr)
04_zxx_CL175mm_x=-6_07_b=-4_73,Alpha(Zr)
04_zxx_CL175mm_x=-24_47_b=-19_36,Alpha(Zr)
04_zxx_CL175mm_x=7_65_b=5_39,Alpha(Zr)
05_zxx_CL175mm_x=-7_21_b=3_68,Delta(PuZr)
05_zxx_CL175mm_x=1_09_b=2_97_v2,Delta(PuZr)
05_zxx_CL175mm_x=18_34_b=-1_32,Delta(PuZr)
06_zxx_CL175mm_x=-18_04_b=19_36,Alpha(Zr)
06_zxx_CL175mm_x=7_05_b=8_19,Alpha(Zr)
06_zxx_CL175mm_x=12_26_b=16_45,Alpha(Zr)
06_zxx_CL175mm_x=15_61_b=21_94,Alpha(Zr)
07_zxx_CL175mm_x=-11_41_b=9_02,Alpha(Zr)
07_zxx_CL175mm_x=-25_04_b=10_78,Alpha(Zr)
07_zxx_CL175mm_x=5_67_b=13_31,Alpha(Zr)
08_zxx_CL175mm_x=-24_95_b=11_43,Delta(PuZr)
09_zxx_CL175mm_x=-4_33_b=13_47,Alpha(Zr)
09_zxx_CL175mm_x=-26_15_b=13_53,Alpha(Zr)
10_zxx_CL175mm_x=-2_82_b=6_76,Alpha(Zr)
10_zxx_CL175mm_x=-6_74_b=15_78,Alpha(Zr)
10_zxx_CL175mm_x=-19_26_b=4_56,Alpha(Zr)
11_zxx_CL175mm_x=-5_37_b=14_30,Alpha(Zr)
11_zxx_CL175mm_x=-12_92_b=16_33,Alpha(Zr)
11_zxx_CL175mm_x=10_71_b=12_81,Alpha(Zr)
12_zxx_CL175mm_x=-10_15_b=14_41,Alpha(Zr)
12_zxx_CL175mm_x=3_64_b=10_39,Alpha(Zr)
13_zxx_CL175mm_x=-16_09_b=-2_53,Alpha(Zr)
13_zxx_CL175mm_x=3_64_b=10_39,Alpha(Zr)
14_zxx_CL175mm_x=-14_42_b=-7_04,Delta(PuZr)
14_zxx_CL175mm_x=-19_83_b=-2_53,Delta(PuZr)
14_zxx_CL175mm_x=1_03_b=-13_00,Delta(PuZr)
15_zxx_CL175mm_x=-2_18_b=5_28,Delta(PuZr)
15_zxx_CL175mm_x=-9_22_b=-4_62,Delta(PuZr)
15_zxx_CL175mm_x=-12_63_b=10_01,Delta(PuZr)
15_zxx_CL175mm_x=3_12_b=15_95,Delta(PuZr)
15_zxx_CL175mm_x=13_73_b=-4_95,Delta(PuZr)
16_zxx_CL175mm_x=-3_64_b=7_59,Delta(PuZr)
16_zxx_CL175mm_x=-7_30_b=18_64,Delta(PuZr)
16_zxx_CL175mm_x=-7_71_b=-3_08,Delta(PuZr)
16_zxx_CL175mm_x=9_22_b=22_16,Delta(PuZr)
17_zxx_CL175mm_x=-2_04_b=-18_53,Delta(PuZr)
17_zxx_CL175mm_x=-13_00_b=-18_53,Delta(PuZr)
17_zxx_CL175mm_x=-24_29_b=-18_53,Delta(PuZr)
17_zxx_CL175mm_x=16_45_b=-17_54,Delta(PuZr)
18_zxx_CL175mm_x=-10_06_b=-19_40,Alpha(Zr)
18_zxx_CL175mm_x=17_44_b=-16_44,Alpha(Zr)
18_zxx_CL175mm_x=22_92_b=15_01,Alpha(Zr)
19_zxx_CL175mm_x=-0_49_b=11_71,Alpha(Zr)
19_zxx_CL175mm_x=7_49_b=9_18,Alpha(Zr)
19_zxx_CL175mm_x=24_11_b=5_00,Alpha(Zr)
20_zxx_CL175mm_x=-18_83_b=4_78,Alpha(Zr)
20_zxx_CL175mm_x=5_97_b=24_80,Alpha(Zr)
20_zxx_CL175mm_x=15_42_b=9_35,Alpha(Zr)
21_zxx_CL175mm_x=-17_29_b=12_54,Delta(PuZr)
21_zxx_CL175mm_x=10_82_b=12_54,Delta(PuZr)
21_zxx_CL175mm_x=26_82_b=0_27,Delta(PuZr)
22_zxx_CL175mm_x=-3_12_b=-0_22,Alpha(Zr)
22_zxx_CL175mm_x=-15_12_b=3_68,Alpha(Zr)
22_zxx_CL175mm_x=24_62_b=1_54,Alpha(Zr)
23_zxx_CL175mm_x=-16_38_b=-8_96,Alpha(Zr)
23_zxx_CL175mm_x=1_04_b=-2_64,Alpha(Zr)
23_zxx_CL175mm_x=25_18_b=7_64,Alpha(Zr)
24_zxx_CL175mm_x=-5_88_b=-3_68,Alpha(Zr)
24_zxx_CL175mm_x=-13_16_b=-6_43,Alpha(Zr)
24_zxx_CL175mm_x=8_75_b=-9_51,Alpha(Zr)
AlphaZr_[001]_D_00,Alpha(Zr)
AlphaZr_[001]_D_10,Alpha(Zr)
AlphaZr_[001]_D_20,Alpha(Zr)
AlphaZr_[001]_D_30,Alpha(Zr)
AlphaZr_[001]_D_40,Alpha(Zr)
AlphaZr_[001]_D_50,Alpha(Zr)
AlphaZr_[001]_D_60,Alpha(Zr)
AlphaZr_[001]_D_70,Alpha(Zr)
AlphaZr_[001]_D_80,Alpha(Zr)
AlphaZr_[001]_D_90,Alpha(Zr)
AlphaZr_[001]_D_100,Alpha(Zr)
AlphaZr_[001]_D_110,Alpha(Zr)
AlphaZr_[001]_D_120,Alpha(Zr)
AlphaZr_[001]_D_130,Alpha(Zr)
AlphaZr_[001]_D_140,Alpha(Zr)
AlphaZr_[001]_D_150,Alpha(Zr)
AlphaZr_[001]_D_160,Alpha(Zr)
AlphaZr_[001]_D_170,Alpha(Zr)
AlphaZr_[001]_D_180,Alpha(Zr)
AlphaZr_[010]_D_00,Alpha(Zr)
AlphaZr_[010]_D_10,Alpha(Zr)
AlphaZr_[010]_D_20,Alpha(Zr)
AlphaZr_[010]_D_30,Alpha(Zr)
AlphaZr_[010]_D_40,Alpha(Zr)
AlphaZr_[010]_D_50,Alpha(Zr)
AlphaZr_[010]_D_60,Alpha(Zr)
AlphaZr_[010]_D_70,Alpha(Zr)
AlphaZr_[010]_D_80,Alpha(Zr)
AlphaZr_[010]_D_90,Alpha(Zr)
AlphaZr_[010]_D_100,Alpha(Zr)
AlphaZr_[010]_D_110,Alpha(Zr)
AlphaZr_[010]_D_120,Alpha(Zr)
AlphaZr_[010]_D_130,Alpha(Zr)
AlphaZr_[010]_D_140,Alpha(Zr)
AlphaZr_[010]_D_150,Alpha(Zr)
AlphaZr_[010]_D_160,Alpha(Zr)
AlphaZr_[010]_D_170,Alpha(Zr)
AlphaZr_[010]_D_180,Alpha(Zr)
AlphaZr_[011]_D_00,Alpha(Zr)
AlphaZr_[011]_D_10,Alpha(Zr)
AlphaZr_[011]_D_20,Alpha(Zr)
AlphaZr_[011]_D_30,Alpha(Zr)
AlphaZr_[011]_D_40,Alpha(Zr)
AlphaZr_[011]_D_50,Alpha(Zr)
AlphaZr_[011]_D_60,Alpha(Zr)
AlphaZr_[011]_D_70,Alpha(Zr)
AlphaZr_[011]_D_80,Alpha(Zr)
AlphaZr_[011]_D_90,Alpha(Zr)
AlphaZr_[011]_D_100,Alpha(Zr)
AlphaZr_[011]_D_110,Alpha(Zr)
AlphaZr_[011]_D_120,Alpha(Zr)
AlphaZr_[011]_D_130,Alpha(Zr)
AlphaZr_[011]_D_140,Alpha(Zr)
AlphaZr_[011]_D_150,Alpha(Zr)
AlphaZr_[011]_D_160,Alpha(Zr)
AlphaZr_[011]_D_170,Alpha(Zr)
AlphaZr_[011]_D_180,Alpha(Zr)
AlphaZr_[100]_D_00,Alpha(Zr)
AlphaZr_[100]_D_10,Alpha(Zr)
AlphaZr_[100]_D_20,Alpha(Zr)
AlphaZr_[100]_D_30,Alpha(Zr)
AlphaZr_[100]_D_40,Alpha(Zr)
AlphaZr_[100]_D_50,Alpha(Zr)
AlphaZr_[100]_D_60,Alpha(Zr)
AlphaZr_[100]_D_70,Alpha(Zr)
AlphaZr_[100]_D_80,Alpha(Zr)
AlphaZr_[100]_D_90,Alpha(Zr)
AlphaZr_[100]_D_100,Alpha(Zr)
AlphaZr_[100]_D_110,Alpha(Zr)
AlphaZr_[100]_D_120,Alpha(Zr)
AlphaZr_[100]_D_130,Alpha(Zr)
AlphaZr_[100]_D_140,Alpha(Zr)
AlphaZr_[100]_D_150,Alpha(Zr)
AlphaZr_[100]_D_160,Alpha(Zr)
AlphaZr_[100]_D_170,Alpha(Zr)
AlphaZr_[100]_D_180,Alpha(Zr)
AlphaZr_[101]_D_00,Alpha(Zr)
AlphaZr_[101]_D_10,Alpha(Zr)
AlphaZr_[101]_D_20,Alpha(Zr)
AlphaZr_[101]_D_30,Alpha(Zr)
AlphaZr_[101]_D_40,Alpha(Zr)
AlphaZr_[101]_D_50,Alpha(Zr)
AlphaZr_[101]_D_60,Alpha(Zr)
AlphaZr_[101]_D_70,Alpha(Zr)
AlphaZr_[101]_D_80,Alpha(Zr)
AlphaZr_[101]_D_90,Alpha(Zr)
AlphaZr_[101]_D_100,Alpha(Zr)
AlphaZr_[101]_D_110,Alpha(Zr)
AlphaZr_[101]_D_120,Alpha(Zr)
AlphaZr_[101]_D_130,Alpha(Zr)
AlphaZr_[101]_D_140,Alpha(Zr)
AlphaZr_[101]_D_150,Alpha(Zr)
AlphaZr_[101]_D_160,Alpha(Zr)
AlphaZr_[101]_D_170,Alpha(Zr)
AlphaZr_[101]_D_180,Alpha(Zr)
AlphaZr_[110]_D_00,Alpha(Zr)
AlphaZr_[110]_D_10,Alpha(Zr)
AlphaZr_[110]_D_20,Alpha(Zr)
AlphaZr_[110]_D_30,Alpha(Zr)
AlphaZr_[110]_D_40,Alpha(Zr)
AlphaZr_[110]_D_50,Alpha(Zr)
AlphaZr_[110]_D_60,Alpha(Zr)
AlphaZr_[110]_D_70,Alpha(Zr)
AlphaZr_[110]_D_80,Alpha(Zr)
AlphaZr_[110]_D_90,Alpha(Zr)
AlphaZr_[110]_D_100,Alpha(Zr)
AlphaZr_[110]_D_110,Alpha(Zr)
AlphaZr_[110]_D_120,Alpha(Zr)
AlphaZr_[110]_D_130,Alpha(Zr)
AlphaZr_[110]_D_140,Alpha(Zr)
AlphaZr_[110]_D_150,Alpha(Zr)
AlphaZr_[110]_D_160,Alpha(Zr)
AlphaZr_[110]_D_170,Alpha(Zr)
AlphaZr_[110]_D_180,Alpha(Zr)
AlphaZr_[111]_D_00,Alpha(Zr)
AlphaZr_[111]_D_10,Alpha(Zr)
AlphaZr_[111]_D_20,Alpha(Zr)
AlphaZr_[111]_D_30,Alpha(Zr)
AlphaZr_[111]_D_40,Alpha(Zr)
AlphaZr_[111]_D_50,Alpha(Zr)
AlphaZr_[111]_D_60,Alpha(Zr)
AlphaZr_[111]_D_70,Alpha(Zr)
AlphaZr_[111]_D_80,Alpha(Zr)
AlphaZr_[111]_D_90,Alpha(Zr)
AlphaZr_[111]_D_100,Alpha(Zr)
AlphaZr_[111]_D_110,Alpha(Zr)
AlphaZr_[111]_D_120,Alpha(Zr)
AlphaZr_[111]_D_130,Alpha(Zr)
AlphaZr_[111]_D_140,Alpha(Zr)
AlphaZr_[111]_D_150,Alpha(Zr)
AlphaZr_[111]_D_160,Alpha(Zr)
AlphaZr_[111]_D_170,Alpha(Zr)
AlphaZr_[111]_D_180,Alpha(Zr)
BetaPu_[001]_D_00,Beta(Pu)
BetaPu_[001]_D_10,Beta(Pu)
BetaPu_[001]_D_20,Beta(Pu)
BetaPu_[001]_D_30,Beta(Pu)
BetaPu_[001]_D_40,Beta(Pu)
BetaPu_[001]_D_50,Beta(Pu)
BetaPu_[001]_D_60,Beta(Pu)
BetaPu_[001]_D_70,Beta(Pu)
BetaPu_[001]_D_80,Beta(Pu)
BetaPu_[001]_D_90,Beta(Pu)
BetaPu_[001]_D_100,Beta(Pu)
BetaPu_[001]_D_110,Beta(Pu)
BetaPu_[001]_D_120,Beta(Pu)
BetaPu_[001]_D_130,Beta(Pu)
BetaPu_[001]_D_140,Beta(Pu)
BetaPu_[001]_D_150,Beta(Pu)
BetaPu_[001]_D_160,Beta(Pu)
BetaPu_[001]_D_170,Beta(Pu)
BetaPu_[001]_D_180,Beta(Pu)
BetaPu_[010]_D_00,Beta(Pu)
BetaPu_[010]_D_10,Beta(Pu)
BetaPu_[010]_D_20,Beta(Pu)
BetaPu_[010]_D_30,Beta(Pu)
BetaPu_[010]_D_40,Beta(Pu)
BetaPu_[010]_D_50,Beta(Pu)
BetaPu_[010]_D_60,Beta(Pu)
BetaPu_[010]_D_70,Beta(Pu)
BetaPu_[010]_D_80,Beta(Pu)
BetaPu_[010]_D_90,Beta(Pu)
BetaPu_[010]_D_100,Beta(Pu)
BetaPu_[010]_D_110,Beta(Pu)
BetaPu_[010]_D_120,Beta(Pu)
BetaPu_[010]_D_130,Beta(Pu)
BetaPu_[010]_D_140,Beta(Pu)
BetaPu_[010]_D_150,Beta(Pu)
BetaPu_[010]_D_160,Beta(Pu)
BetaPu_[010]_D_170,Beta(Pu)
BetaPu_[010]_D_180,Beta(Pu)
BetaPu_[011]_D_00,Beta(Pu)
BetaPu_[011]_D_10,Beta(Pu)
BetaPu_[011]_D_20,Beta(Pu)
BetaPu_[011]_D_30,Beta(Pu)
BetaPu_[011]_D_40,Beta(Pu)
BetaPu_[011]_D_50,Beta(Pu)
BetaPu_[011]_D_60,Beta(Pu)
BetaPu_[011]_D_70,Beta(Pu)
BetaPu_[011]_D_80,Beta(Pu)
BetaPu_[011]_D_90,Beta(Pu)
BetaPu_[011]_D_100,Beta(Pu)
BetaPu_[011]_D_110,Beta(Pu)
BetaPu_[011]_D_120,Beta(Pu)
BetaPu_[011]_D_130,Beta(Pu)
BetaPu_[011]_D_140,Beta(Pu)
BetaPu_[011]_D_150,Beta(Pu)
BetaPu_[011]_D_160,Beta(Pu)
BetaPu_[011]_D_170,Beta(Pu)
BetaPu_[011]_D_180,Beta(Pu)
BetaPu_[100]_D_00,Beta(Pu)
BetaPu_[100]_D_10,Beta(Pu)
BetaPu_[100]_D_20,Beta(Pu)
BetaPu_[100]_D_30,Beta(Pu)
BetaPu_[100]_D_40,Beta(Pu)
BetaPu_[100]_D_50,Beta(Pu)
BetaPu_[100]_D_60,Beta(Pu)
BetaPu_[100]_D_70,Beta(Pu)
BetaPu_[100]_D_80,Beta(Pu)
BetaPu_[100]_D_90,Beta(Pu)
BetaPu_[100]_D_100,Beta(Pu)
BetaPu_[100]_D_110,Beta(Pu)
BetaPu_[100]_D_120,Beta(Pu)
BetaPu_[100]_D_130,Beta(Pu)
BetaPu_[100]_D_140,Beta(Pu)
BetaPu_[100]_D_150,Beta(Pu)
BetaPu_[100]_D_160,Beta(Pu)
BetaPu_[100]_D_170,Beta(Pu)
BetaPu_[100]_D_180,Beta(Pu)
BetaPu_[101]_D_00,Beta(Pu)
BetaPu_[101]_D_10,Beta(Pu)
BetaPu_[101]_D_20,Beta(Pu)
BetaPu_[101]_D_30,Beta(Pu)
BetaPu_[101]_D_40,Beta(Pu)
BetaPu_[101]_D_50,Beta(Pu)
BetaPu_[101]_D_60,Beta(Pu)
BetaPu_[101]_D_70,Beta(Pu)
BetaPu_[101]_D_80,Beta(Pu)
BetaPu_[101]_D_90,Beta(Pu)
BetaPu_[101]_D_100,Beta(Pu)
BetaPu_[101]_D_110,Beta(Pu)
BetaPu_[101]_D_120,Beta(Pu)
BetaPu_[101]_D_130,Beta(Pu)
BetaPu_[101]_D_140,Beta(Pu)
BetaPu_[101]_D_150,Beta(Pu)
BetaPu_[101]_D_160,Beta(Pu)
BetaPu_[101]_D_170,Beta(Pu)
BetaPu_[101]_D_180,Beta(Pu)
BetaPu_[110]_D_00,Beta(Pu)
BetaPu_[110]_D_10,Beta(Pu)
BetaPu_[110]_D_20,Beta(Pu)
BetaPu_[110]_D_30,Beta(Pu)
BetaPu_[110]_D_40,Beta(Pu)
BetaPu_[110]_D_50,Beta(Pu)
BetaPu_[110]_D_60,Beta(Pu)
BetaPu_[110]_D_70,Beta(Pu)
BetaPu_[110]_D_80,Beta(Pu)
BetaPu_[110]_D_90,Beta(Pu)
BetaPu_[110]_D_100,Beta(Pu)
BetaPu_[110]_D_110,Beta(Pu)
BetaPu_[110]_D_120,Beta(Pu)
BetaPu_[110]_D_130,Beta(Pu)
BetaPu_[110]_D_140,Beta(Pu)
BetaPu_[110]_D_150,Beta(Pu)
BetaPu_[110]_D_160,Beta(Pu)
BetaPu_[110]_D_170,Beta(Pu)
BetaPu_[110]_D_180,Beta(Pu)
BetaPu_[111]_D_00,Beta(Pu)
BetaPu_[111]_D_10,Beta(Pu)
BetaPu_[111]_D_20,Beta(Pu)
BetaPu_[111]_D_30,Beta(Pu)
BetaPu_[111]_D_40,Beta(Pu)
BetaPu_[111]_D_50,Beta(Pu)
BetaPu_[111]_D_60,Beta(Pu)
BetaPu_[111]_D_70,Beta(Pu)
BetaPu_[111]_D_80,Beta(Pu)
BetaPu_[111]_D_90,Beta(Pu)
BetaPu_[111]_D_100,Beta(Pu)
BetaPu_[111]_D_110,Beta(Pu)
BetaPu_[111]_D_120,Beta(Pu)
BetaPu_[111]_D_130,Beta(Pu)
BetaPu_[111]_D_140,Beta(Pu)
BetaPu_[111]_D_150,Beta(Pu)
BetaPu_[111]_D_160,Beta(Pu)
BetaPu_[111]_D_170,Beta(Pu)
BetaPu_[111]_D_180,Beta(Pu)
DeltaPuZr_[001]_D_00,Delta(PuZr)
DeltaPuZr_[001]_D_10,Delta(PuZr)
DeltaPuZr_[001]_D_20,Delta(PuZr)
DeltaPuZr_[001]_D_30,Delta(PuZr)
DeltaPuZr_[001]_D_40,Delta(PuZr)
DeltaPuZr_[001]_D_50,Delta(PuZr)
DeltaPuZr_[001]_D_60,Delta(PuZr)
DeltaPuZr_[001]_D_70,Delta(PuZr)
DeltaPuZr_[001]_D_80,Delta(PuZr)
DeltaPuZr_[001]_D_90,Delta(PuZr)
DeltaPuZr_[001]_D_100,Delta(PuZr)
DeltaPuZr_[001]_D_110,Delta(PuZr)
DeltaPuZr_[001]_D_120,Delta(PuZr)
DeltaPuZr_[001]_D_130,Delta(PuZr)
DeltaPuZr_[001]_D_140,Delta(PuZr)
DeltaPuZr_[001]_D_150,Delta(PuZr)
DeltaPuZr_[001]_D_160,Delta(PuZr)
DeltaPuZr_[001]_D_170,Delta(PuZr)
DeltaPuZr_[001]_D_180,Delta(PuZr)
DeltaPuZr_[010]_D_00,Delta(PuZr)
DeltaPuZr_[010]_D_10,Delta(PuZr)
DeltaPuZr_[010]_D_20,Delta(PuZr)
DeltaPuZr_[010]_D_30,Delta(PuZr)
DeltaPuZr_[010]_D_40,Delta(PuZr)
DeltaPuZr_[010]_D_50,Delta(PuZr)
DeltaPuZr_[010]_D_60,Delta(PuZr)
DeltaPuZr_[010]_D_70,Delta(PuZr)
DeltaPuZr_[010]_D_80,Delta(PuZr)
DeltaPuZr_[010]_D_90,Delta(PuZr)
DeltaPuZr_[010]_D_100,Delta(PuZr)
DeltaPuZr_[010]_D_110,Delta(PuZr)
DeltaPuZr_[010]_D_120,Delta(PuZr)
DeltaPuZr_[010]_D_130,Delta(PuZr)
DeltaPuZr_[010]_D_140,Delta(PuZr)
DeltaPuZr_[010]_D_150,Delta(PuZr)
DeltaPuZr_[010]_D_160,Delta(PuZr)
DeltaPuZr_[010]_D_170,Delta(PuZr)
DeltaPuZr_[010]_D_180,Delta(PuZr)
DeltaPuZr_[011]_D_00,Delta(PuZr)
DeltaPuZr_[011]_D_10,Delta(PuZr)
DeltaPuZr_[011]_D_20,Delta(PuZr)
DeltaPuZr_[011]_D_30,Delta(PuZr)
DeltaPuZr_[011]_D_40,Delta(PuZr)
DeltaPuZr_[011]_D_50,Delta(PuZr)
DeltaPuZr_[011]_D_60,Delta(PuZr)
DeltaPuZr_[011]_D_70,Delta(PuZr)
DeltaPuZr_[011]_D_80,Delta(PuZr)
DeltaPuZr_[011]_D_90,Delta(PuZr)
DeltaPuZr_[011]_D_100,Delta(PuZr)
DeltaPuZr_[011]_D_110,Delta(PuZr)
DeltaPuZr_[011]_D_120,Delta(PuZr)
DeltaPuZr_[011]_D_130,Delta(PuZr)
DeltaPuZr_[011]_D_140,Delta(PuZr)
DeltaPuZr_[011]_D_150,Delta(PuZr)
DeltaPuZr_[011]_D_160,Delta(PuZr)
DeltaPuZr_[011]_D_170,Delta(PuZr)
DeltaPuZr_[011]_D_180,Delta(PuZr)
DeltaPuZr_[100]_D_00,Delta(PuZr)
DeltaPuZr_[100]_D_10,Delta(PuZr)
DeltaPuZr_[100]_D_20,Delta(PuZr)
DeltaPuZr_[100]_D_30,Delta(PuZr)
DeltaPuZr_[100]_D_40,Delta(PuZr)
DeltaPuZr_[100]_D_50,Delta(PuZr)
DeltaPuZr_[100]_D_60,Delta(PuZr)
DeltaPuZr_[100]_D_70,Delta(PuZr)
DeltaPuZr_[100]_D_80,Delta(PuZr)
DeltaPuZr_[100]_D_90,Delta(PuZr)
DeltaPuZr_[100]_D_100,Delta(PuZr)
DeltaPuZr_[100]_D_110,Delta(PuZr)
DeltaPuZr_[100]_D_120,Delta(PuZr)
DeltaPuZr_[100]_D_130,Delta(PuZr)
DeltaPuZr_[100]_D_140,Delta(PuZr)
DeltaPuZr_[100]_D_150,Delta(PuZr)
DeltaPuZr_[100]_D_160,Delta(PuZr)
DeltaPuZr_[100]_D_170,Delta(PuZr)
DeltaPuZr_[100]_D_180,Delta(PuZr)
DeltaPuZr_[101]_D_00,Delta(PuZr)
DeltaPuZr_[101]_D_10,Delta(PuZr)
DeltaPuZr_[101]_D_20,Delta(PuZr)
DeltaPuZr_[101]_D_30,Delta(PuZr)
DeltaPuZr_[101]_D_40,Delta(PuZr)
DeltaPuZr_[101]_D_50,Delta(PuZr)
DeltaPuZr_[101]_D_60,Delta(PuZr)
DeltaPuZr_[101]_D_70,Delta(PuZr)
DeltaPuZr_[101]_D_80,Delta(PuZr)
DeltaPuZr_[101]_D_90,Delta(PuZr)
DeltaPuZr_[101]_D_100,Delta(PuZr)
DeltaPuZr_[101]_D_110,Delta(PuZr)
DeltaPuZr_[101]_D_120,Delta(PuZr)
DeltaPuZr_[101]_D_130,Delta(PuZr)
DeltaPuZr_[101]_D_140,Delta(PuZr)
DeltaPuZr_[101]_D_150,Delta(PuZr)
DeltaPuZr_[101]_D_160,Delta(PuZr)
DeltaPuZr_[101]_D_170,Delta(PuZr)
DeltaPuZr_[101]_D_180,Delta(PuZr)
DeltaPuZr_[110]_D_00,Delta(PuZr)
DeltaPuZr_[110]_D_10,Delta(PuZr)
DeltaPuZr_[110]_D_20,Delta(PuZr)
DeltaPuZr_[110]_D_30,Delta(PuZr)
DeltaPuZr_[110]_D_40,Delta(PuZr)
DeltaPuZr_[110]_D_50,Delta(PuZr)
DeltaPuZr_[110]_D_60,Delta(PuZr)
DeltaPuZr_[110]_D_70,Delta(PuZr)
DeltaPuZr_[110]_D_80,Delta(PuZr)
DeltaPuZr_[110]_D_90,Delta(PuZr)
DeltaPuZr_[110]_D_100,Delta(PuZr)
DeltaPuZr_[110]_D_110,Delta(PuZr)
DeltaPuZr_[110]_D_120,Delta(PuZr)
DeltaPuZr_[110]_D_130,Delta(PuZr)
DeltaPuZr_[110]_D_140,Delta(PuZr)
DeltaPuZr_[110]_D_150,Delta(PuZr)
DeltaPuZr_[110]_D_160,Delta(PuZr)
DeltaPuZr_[110]_D_170,Delta(PuZr)
DeltaPuZr_[110]_D_180,Delta(PuZr)
DeltaPuZr_[111]_D_00,Delta(PuZr)
DeltaPuZr_[111]_D_10,Delta(PuZr)
DeltaPuZr_[111]_D_20,Delta(PuZr)
DeltaPuZr_[111]_D_30,Delta(PuZr)
DeltaPuZr_[111]_D_40,Delta(PuZr)
DeltaPuZr_[111]_D_50,Delta(PuZr)
DeltaPuZr_[111]_D_60,Delta(PuZr)
DeltaPuZr_[111]_D_70,Delta(PuZr)
DeltaPuZr_[111]_D_80,Delta(PuZr)
DeltaPuZr_[111]_D_90,Delta(PuZr)
DeltaPuZr_[111]_D_100,Delta(PuZr)
DeltaPuZr_[111]_D_110,Delta(PuZr)
DeltaPuZr_[111]_D_120,Delta(PuZr)
DeltaPuZr_[111]_D_130,Delta(PuZr)
DeltaPuZr_[111]_D_140,Delta(PuZr)
DeltaPuZr_[111]_D_150,Delta(PuZr)
DeltaPuZr_[111]_D_160,Delta(PuZr)
DeltaPuZr_[111]_D_170,Delta(PuZr)
DeltaPuZr_[111]_D_180,Delta(PuZr)
K-PuZr2_[001]_D_00,Kappa(PuZr2)
K-PuZr2_[001]_D_10,Kappa(PuZr2)
K-PuZr2_[001]_D_20,Kappa(PuZr2)
K-PuZr2_[001]_D_30,Kappa(PuZr2)
K-PuZr2_[001]_D_40,Kappa(PuZr2)
K-PuZr2_[001]_D_50,Kappa(PuZr2)
K-PuZr2_[001]_D_60,Kappa(PuZr2)
K-PuZr2_[001]_D_70,Kappa(PuZr2)
K-PuZr2_[001]_D_80,Kappa(PuZr2)
K-PuZr2_[001]_D_90,Kappa(PuZr2)
K-PuZr2_[001]_D_100,Kappa(PuZr2)
K-PuZr2_[001]_D_110,Kappa(PuZr2)
K-PuZr2_[001]_D_120,Kappa(PuZr2)
K-PuZr2_[001]_D_130,Kappa(PuZr2)
K-PuZr2_[001]_D_140,Kappa(PuZr2)
K-PuZr2_[001]_D_150,Kappa(PuZr2)
K-PuZr2_[001]_D_160,Kappa(PuZr2)
K-PuZr2_[001]_D_170,Kappa(PuZr2)
K-PuZr2_[001]_D_180,Kappa(PuZr2)
K-PuZr2_[010]_D_00,Kappa(PuZr2)
K-PuZr2_[010]_D_10,Kappa(PuZr2)
K-PuZr2_[010]_D_20,Kappa(PuZr2)
K-PuZr2_[010]_D_30,Kappa(PuZr2)
K-PuZr2_[010]_D_40,Kappa(PuZr2)
K-PuZr2_[010]_D_50,Kappa(PuZr2)
K-PuZr2_[010]_D_60,Kappa(PuZr2)
K-PuZr2_[010]_D_70,Kappa(PuZr2)
K-PuZr2_[010]_D_80,Kappa(PuZr2)
K-PuZr2_[010]_D_90,Kappa(PuZr2)
K-PuZr2_[010]_D_100,Kappa(PuZr2)
K-PuZr2_[010]_D_110,Kappa(PuZr2)
K-PuZr2_[010]_D_120,Kappa(PuZr2)
K-PuZr2_[010]_D_130,Kappa(PuZr2)
K-PuZr2_[010]_D_140,Kappa(PuZr2)
K-PuZr2_[010]_D_150,Kappa(PuZr2)
K-PuZr2_[010]_D_160,Kappa(PuZr2)
K-PuZr2_[010]_D_170,Kappa(PuZr2)
K-PuZr2_[010]_D_180,Kappa(PuZr2)
K-PuZr2_[011]_D_00,Kappa(PuZr2)
K-PuZr2_[011]_D_10,Kappa(PuZr2)
K-PuZr2_[011]_D_20,Kappa(PuZr2)
K-PuZr2_[011]_D_30,Kappa(PuZr2)
K-PuZr2_[011]_D_40,Kappa(PuZr2)
K-PuZr2_[011]_D_50,Kappa(PuZr2)
K-PuZr2_[011]_D_60,Kappa(PuZr2)
K-PuZr2_[011]_D_70,Kappa(PuZr2)
K-PuZr2_[011]_D_80,Kappa(PuZr2)
K-PuZr2_[011]_D_90,Kappa(PuZr2)
K-PuZr2_[011]_D_100,Kappa(PuZr2)
K-PuZr2_[011]_D_110,Kappa(PuZr2)
K-PuZr2_[011]_D_120,Kappa(PuZr2)
K-PuZr2_[011]_D_130,Kappa(PuZr2)
K-PuZr2_[011]_D_140,Kappa(PuZr2)
K-PuZr2_[011]_D_150,Kappa(PuZr2)
K-PuZr2_[011]_D_160,Kappa(PuZr2)
K-PuZr2_[011]_D_170,Kappa(PuZr2)
K-PuZr2_[011]_D_180,Kappa(PuZr2)
K-PuZr2_[100]_D_00,Kappa(PuZr2)
K-PuZr2_[100]_D_10,Kappa(PuZr2)
K-PuZr2_[100]_D_20,Kappa(PuZr2)
K-PuZr2_[100]_D_30,Kappa(PuZr2)
K-PuZr2_[100]_D_40,Kappa(PuZr2)
K-PuZr2_[100]_D_50,Kappa(PuZr2)
K-PuZr2_[100]_D_60,Kappa(PuZr2)
K-PuZr2_[100]_D_70,Kappa(PuZr2)
K-PuZr2_[100]_D_80,Kappa(PuZr2)
K-PuZr2_[100]_D_90,Kappa(PuZr2)
K-PuZr2_[100]_D_100,Kappa(PuZr2)
K-PuZr2_[100]_D_110,Kappa(PuZr2)
K-PuZr2_[100]_D_120,Kappa(PuZr2)
K-PuZr2_[100]_D_130,Kappa(PuZr2)
K-PuZr2_[100]_D_140,Kappa(PuZr2)
K-PuZr2_[100]_D_150,Kappa(PuZr2)
K-PuZr2_[100]_D_160,Kappa(PuZr2)
K-PuZr2_[100]_D_170,Kappa(PuZr2)
K-PuZr2_[100]_D_180,Kappa(PuZr2)
K-PuZr2_[101]_D_00,Kappa(PuZr2)
K-PuZr2_[101]_D_10,Kappa(PuZr2)
K-PuZr2_[101]_D_20,Kappa(PuZr2)
K-PuZr2_[101]_D_30,Kappa(PuZr2)
K-PuZr2_[101]_D_40,Kappa(PuZr2)
K-PuZr2_[101]_D_50,Kappa(PuZr2)
K-PuZr2_[101]_D_60,Kappa(PuZr2)
K-PuZr2_[101]_D_70,Kappa(PuZr2)
K-PuZr2_[101]_D_80,Kappa(PuZr2)
K-PuZr2_[101]_D_90,Kappa(PuZr2)
K-PuZr2_[101]_D_100,Kappa(PuZr2)
K-PuZr2_[101]_D_110,Kappa(PuZr2)
K-PuZr2_[101]_D_120,Kappa(PuZr2)
K-PuZr2_[101]_D_130,Kappa(PuZr2)
K-PuZr2_[101]_D_140,Kappa(PuZr2)
K-PuZr2_[101]_D_150,Kappa(PuZr2)
K-PuZr2_[101]_D_160,Kappa(PuZr2)
K-PuZr2_[101]_D_170,Kappa(PuZr2)
K-PuZr2_[101]_D_180,Kappa(PuZr2)
K-PuZr2_[110]_D_00,Kappa(PuZr2)
K-PuZr2_[110]_D_10,Kappa(PuZr2)
K-PuZr2_[110]_D_20,Kappa(PuZr2)
K-PuZr2_[110]_D_30,Kappa(PuZr2)
K-PuZr2_[110]_D_40,Kappa(PuZr2)
K-PuZr2_[110]_D_50,Kappa(PuZr2)
K-PuZr2_[110]_D_60,Kappa(PuZr2)
K-PuZr2_[110]_D_70,Kappa(PuZr2)
K-PuZr2_[110]_D_80,Kappa(PuZr2)
K-PuZr2_[110]_D_90,Kappa(PuZr2)
K-PuZr2_[110]_D_100,Kappa(PuZr2)
K-PuZr2_[110]_D_110,Kappa(PuZr2)
K-PuZr2_[110]_D_120,Kappa(PuZr2)
K-PuZr2_[110]_D_130,Kappa(PuZr2)
K-PuZr2_[110]_D_140,Kappa(PuZr2)
K-PuZr2_[110]_D_150,Kappa(PuZr2)
K-PuZr2_[110]_D_160,Kappa(PuZr2)
K-PuZr2_[110]_D_170,Kappa(PuZr2)
K-PuZr2_[110]_D_180,Kappa(PuZr2)
K-PuZr2_[111]_D_00,Kappa(PuZr2)
K-PuZr2_[111]_D_10,Kappa(PuZr2)
K-PuZr2_[111]_D_20,Kappa(PuZr2)
K-PuZr2_[111]_D_30,Kappa(PuZr2)
K-PuZr2_[111]_D_40,Kappa(PuZr2)
K-PuZr2_[111]_D_50,Kappa(PuZr2)
K-PuZr2_[111]_D_60,Kappa(PuZr2)
K-PuZr2_[111]_D_70,Kappa(PuZr2)
K-PuZr2_[111]_D_80,Kappa(PuZr2)
K-PuZr2_[111]_D_90,Kappa(PuZr2)
K-PuZr2_[111]_D_100,Kappa(PuZr2)
K-PuZr2_[111]_D_110,Kappa(PuZr2)
K-PuZr2_[111]_D_120,Kappa(PuZr2)
K-PuZr2_[111]_D_130,Kappa(PuZr2)
K-PuZr2_[111]_D_140,Kappa(PuZr2)
K-PuZr2_[111]_D_150,Kappa(PuZr2)
K-PuZr2_[111]_D_160,Kappa(PuZr2)
K-PuZr2_[111]_D_170,Kappa(PuZr2)
K-PuZr2_[111]_D_180,Kappa(PuZr2)
PuO_[001]_D_00,PuO
PuO_[001]_D_10,PuO
PuO_[001]_D_20,PuO
PuO_[001]_D_30,PuO
PuO_[001]_D_40,PuO
PuO_[001]_D_50,PuO
PuO_[001]_D_60,PuO
PuO_[001]_D_70,PuO
PuO_[001]_D_80,PuO
PuO_[001]_D_90,PuO
PuO_[001]_D_100,PuO
PuO_[001]_D_110,PuO
PuO_[001]_D_120,PuO
PuO_[001]_D_130,PuO
PuO_[001]_D_140,PuO
PuO_[001]_D_150,PuO
PuO_[001]_D_160,PuO
PuO_[001]_D_170,PuO
PuO_[001]_D_180,PuO
PuO_[010]_D_00,PuO
PuO_[010]_D_10,PuO
PuO_[010]_D_20,PuO
PuO_[010]_D_30,PuO
PuO_[010]_D_40,PuO
PuO_[010]_D_50,PuO
PuO_[010]_D_60,PuO
PuO_[010]_D_70,PuO
PuO_[010]_D_80,PuO
PuO_[010]_D_90,PuO
PuO_[010]_D_100,PuO
PuO_[010]_D_110,PuO
PuO_[010]_D_120,PuO
PuO_[010]_D_130,PuO
PuO_[010]_D_140,PuO
PuO_[010]_D_150,PuO
PuO_[010]_D_160,PuO
PuO_[010]_D_170,PuO
PuO_[010]_D_180,PuO
PuO_[011]_D_00,PuO
PuO_[011]_D_10,PuO
PuO_[011]_D_20,PuO
PuO_[011]_D_30,PuO
PuO_[011]_D_40,PuO
PuO_[011]_D_50,PuO
PuO_[011]_D_60,PuO
PuO_[011]_D_70,PuO
PuO_[011]_D_80,PuO
PuO_[011]_D_90,PuO
PuO_[011]_D_100,PuO
PuO_[011]_D_110,PuO
PuO_[011]_D_120,PuO
PuO_[011]_D_130,PuO
PuO_[011]_D_140,PuO
PuO_[011]_D_150,PuO
PuO_[011]_D_160,PuO
PuO_[011]_D_170,PuO
PuO_[011]_D_180,PuO
PuO_[100]_D_00,PuO
PuO_[100]_D_10,PuO
PuO_[100]_D_20,PuO
PuO_[100]_D_30,PuO
PuO_[100]_D_40,PuO
PuO_[100]_D_50,PuO
PuO_[100]_D_60,PuO
PuO_[100]_D_70,PuO
PuO_[100]_D_80,PuO
PuO_[100]_D_90,PuO
PuO_[100]_D_100,PuO
PuO_[100]_D_110,PuO
PuO_[100]_D_120,PuO
PuO_[100]_D_130,PuO
PuO_[100]_D_140,PuO
PuO_[100]_D_150,PuO
PuO_[100]_D_160,PuO
PuO_[100]_D_170,PuO
PuO_[100]_D_180,PuO
PuO_[101]_D_00,PuO
PuO_[101]_D_10,PuO
PuO_[101]_D_20,PuO
PuO_[101]_D_30,PuO
PuO_[101]_D_40,PuO
PuO_[101]_D_50,PuO
PuO_[101]_D_60,PuO
PuO_[101]_D_70,PuO
PuO_[101]_D_80,PuO
PuO_[101]_D_90,PuO
PuO_[101]_D_100,PuO
PuO_[101]_D_110,PuO
PuO_[101]_D_120,PuO
PuO_[101]_D_130,PuO
PuO_[101]_D_140,PuO
PuO_[101]_D_150,PuO
PuO_[101]_D_160,PuO
PuO_[101]_D_170,PuO
PuO_[101]_D_180,PuO
PuO_[110]_D_00,PuO
PuO_[110]_D_10,PuO
PuO_[110]_D_20,PuO
PuO_[110]_D_30,PuO
PuO_[110]_D_40,PuO
PuO_[110]_D_50,PuO
PuO_[110]_D_60,PuO
PuO_[110]_D_70,PuO
PuO_[110]_D_80,PuO
PuO_[110]_D_90,PuO
PuO_[110]_D_100,PuO
PuO_[110]_D_110,PuO
PuO_[110]_D_120,PuO
PuO_[110]_D_130,PuO
PuO_[110]_D_140,PuO
PuO_[110]_D_150,PuO
PuO_[110]_D_160,PuO
PuO_[110]_D_170,PuO
PuO_[110]_D_180,PuO
PuO_[111]_D_00,PuO
PuO_[111]_D_10,PuO
PuO_[111]_D_20,PuO
PuO_[111]_D_30,PuO
PuO_[111]_D_40,PuO
PuO_[111]_D_50,PuO
PuO_[111]_D_60,PuO
PuO_[111]_D_70,PuO
PuO_[111]_D_80,PuO
PuO_[111]_D_90,PuO
PuO_[111]_D_100,PuO
PuO_[111]_D_110,PuO
PuO_[111]_D_120,PuO
PuO_[111]_D_130,PuO
PuO_[111]_D_140,PuO
PuO_[111]_D_150,PuO
PuO_[111]_D_160,PuO
PuO_[111]_D_170,PuO
PuO_[111]_D_180,PuO
PuO2_[001]_D_00,PuO2
PuO2_[001]_D_10,PuO2
PuO2_[001]_D_20,PuO2
PuO2_[001]_D_30,PuO2
PuO2_[001]_D_40,PuO2
PuO2_[001]_D_50,PuO2
PuO2_[001]_D_60,PuO2
PuO2_[001]_D_70,PuO2
PuO2_[001]_D_80,PuO2
PuO2_[001]_D_90,PuO2
PuO2_[001]_D_100,PuO2
PuO2_[001]_D_110,PuO2
PuO2_[001]_D_120,PuO2
PuO2_[001]_D_130,PuO2
PuO2_[001]_D_140,PuO2
PuO2_[001]_D_150,PuO2
PuO2_[001]_D_160,PuO2
PuO2_[001]_D_170,PuO2
PuO2_[001]_D_180,PuO2
PuO2_[010]_D_00,PuO2
PuO2_[010]_D_10,PuO2
PuO2_[010]_D_20,PuO2
PuO2_[010]_D_30,PuO2
PuO2_[010]_D_40,PuO2
PuO2_[010]_D_50,PuO2
PuO2_[010]_D_60,PuO2
PuO2_[010]_D_70,PuO2
PuO2_[010]_D_80,PuO2
PuO2_[010]_D_90,PuO2
PuO2_[010]_D_100,PuO2
PuO2_[010]_D_110,PuO2
PuO2_[010]_D_120,PuO2
PuO2_[010]_D_130,PuO2
PuO2_[010]_D_140,PuO2
PuO2_[010]_D_150,PuO2
PuO2_[010]_D_160,PuO2
PuO2_[010]_D_170,PuO2
PuO2_[010]_D_180,PuO2
PuO2_[011]_D_00,PuO2
PuO2_[011]_D_10,PuO2
PuO2_[011]_D_20,PuO2
PuO2_[011]_D_30,PuO2
PuO2_[011]_D_40,PuO2
PuO2_[011]_D_50,PuO2
PuO2_[011]_D_60,PuO2
PuO2_[011]_D_70,PuO2
PuO2_[011]_D_80,PuO2
PuO2_[011]_D_90,PuO2
PuO2_[011]_D_100,PuO2
PuO2_[011]_D_110,PuO2
PuO2_[011]_D_120,PuO2
PuO2_[011]_D_130,PuO2
PuO2_[011]_D_140,PuO2
PuO2_[011]_D_150,PuO2
PuO2_[011]_D_160,PuO2
PuO2_[011]_D_170,PuO2
PuO2_[011]_D_180,PuO2
PuO2_[100]_D_00,PuO2
PuO2_[100]_D_10,PuO2
PuO2_[100]_D_20,PuO2
PuO2_[100]_D_30,PuO2
PuO2_[100]_D_40,PuO2
PuO2_[100]_D_50,PuO2
PuO2_[100]_D_60,PuO2
PuO2_[100]_D_70,PuO2
PuO2_[100]_D_80,PuO2
PuO2_[100]_D_90,PuO2
PuO2_[100]_D_100,PuO2
PuO2_[100]_D_110,PuO2
PuO2_[100]_D_120,PuO2
PuO2_[100]_D_130,PuO2
PuO2_[100]_D_140,PuO2
PuO2_[100]_D_150,PuO2
PuO2_[100]_D_160,PuO2
PuO2_[100]_D_170,PuO2
PuO2_[100]_D_180,PuO2
PuO2_[101]_D_00,PuO2
PuO2_[101]_D_10,PuO2
PuO2_[101]_D_20,PuO2
PuO2_[101]_D_30,PuO2
PuO2_[101]_D_40,PuO2
PuO2_[101]_D_50,PuO2
PuO2_[101]_D_60,PuO2
PuO2_[101]_D_70,PuO2
PuO2_[101]_D_80,PuO2
PuO2_[101]_D_90,PuO2
PuO2_[101]_D_100,PuO2
PuO2_[101]_D_110,PuO2
PuO2_[101]_D_120,PuO2
PuO2_[101]_D_130,PuO2
PuO2_[101]_D_140,PuO2
PuO2_[101]_D_150,PuO2
PuO2_[101]_D_160,PuO2
PuO2_[101]_D_170,PuO2
PuO2_[101]_D_180,PuO2
PuO2_[110]_D_00,PuO2
PuO2_[110]_D_10,PuO2
PuO2_[110]_D_20,PuO2
PuO2_[110]_D_30,PuO2
PuO2_[110]_D_40,PuO2
PuO2_[110]_D_50,PuO2
PuO2_[110]_D_60,PuO2
PuO2_[110]_D_70,PuO2
PuO2_[110]_D_80,PuO2
PuO2_[110]_D_90,PuO2
PuO2_[110]_D_100,PuO2
PuO2_[110]_D_110,PuO2
PuO2_[110]_D_120,PuO2
PuO2_[110]_D_130,PuO2
PuO2_[110]_D_140,PuO2
PuO2_[110]_D_150,PuO2
PuO2_[110]_D_160,PuO2
PuO2_[110]_D_170,PuO2
PuO2_[110]_D_180,PuO2
PuO2_[111]_D_00,PuO2
PuO2_[111]_D_10,PuO2
PuO2_[111]_D_20,PuO2
PuO2_[111]_D_30,PuO2
PuO2_[111]_D_40,PuO2
PuO2_[111]_D_50,PuO2
PuO2_[111]_D_60,PuO2
PuO2_[111]_D_70,PuO2
PuO2_[111]_D_80,PuO2
PuO2_[111]_D_90,PuO2
PuO2_[111]_D_100,PuO2
PuO2_[111]_D_110,PuO2
PuO2_[111]_D_120,PuO2
PuO2_[111]_D_130,PuO2
PuO2_[111]_D_140,PuO2
PuO2_[111]_D_150,PuO2
PuO2_[111]_D_160,PuO2
PuO2_[111]_D_170,PuO2
PuO2_[111]_D_180,PuO2